Workbook

Sheet Orig (V1_BCK)
A1: Coinciden con V1 | B1: Coinciden con V11 | D1: SGID | E1: Nombre | F1: Primer apellido | G1: Segundo apellido | H1: Unidad Org | I1: Nombre Unidad org | J1: SGID Resp Pos | K1: SGID Resp HR | L1: Unidad Org | M1: Nombre Resp Pos | N1: Nombre Resp HR | O1: Primer apellido Resp Pos | P1: Primer apellido Resp HR | Q1: Segundo apellido Resp Pos | R1: Segundo apellido Resp HR | S1: Record Type | T1: Box Sequence | U1: Empresa
A2: =INDEX('Correg (V1)'!$B:$B,MATCH($C2,'Correg (V1)'!$B:$B,0),1) -> A0702288-A0702288- | B2: =INDEX('Nueva (V11)'!$B:$B,MATCH($C2,'Nueva (V11)'!$B:$B,0),1) -> A0702288-A0702288- | C2: =_xlfn.TEXTJOIN("-",FALSE,$D2,$J2,$K2) -> A0702288-A0702288- | D2: A0702288 | E2: AITOR | F2: SANTIBAÑEZ | G2: RODRIGUEZ | H2: 01244 | I2: PRODUCCIÓN (01244) | J2: A0702288 | L2: 139250 | M2: AITOR | O2: SANTIBAÑEZ | Q2: RODRIGUEZ | U2: 58
A3: =INDEX('Correg (V1)'!$B:$B,MATCH($C3,'Correg (V1)'!$B:$B,0),1) -> A1137670--G3229318 | B3: =INDEX('Nueva (V11)'!$B:$B,MATCH($C3,'Nueva (V11)'!$B:$B,0),1) -> #N/A | C3: =_xlfn.TEXTJOIN("-",FALSE,$D3,$J3,$K3) -> A1137670--G3229318 | D3: A1137670 | E3: ANTONIO | F3: MARTINEZ | G3: ESCOLAR | H3: 03035 | I3: VENTAS (02283) | K3: G3229318 | L3: 01945 | N3: GREGORIO | P3: LASIERRA | R3: LAPLANA | U3: 83
A4: =INDEX('Correg (V1)'!$B:$B,MATCH($C4,'Correg (V1)'!$B:$B,0),1) -> A1692880-A1692880- | B4: =INDEX('Nueva (V11)'!$B:$B,MATCH($C4,'Nueva (V11)'!$B:$B,0),1) -> A1692880-A1692880- | C4: =_xlfn.TEXTJOIN("-",FALSE,$D4,$J4,$K4) -> A1692880-A1692880- | D4: A1692880 | E4: ANTONIO | F4: CORRALES | G4: PULIDO | H4: 01275 | I4: PRODUCCIÓN (01275) | J4: A1692880 | L4: 003175 | M4: ANTONIO | O4: CORRALES | Q4: PULIDO | U4: 2G
A5: =INDEX('Correg (V1)'!$B:$B,MATCH($C5,'Correg (V1)'!$B:$B,0),1) -> A1778775--I7600760 | B5: =INDEX('Nueva (V11)'!$B:$B,MATCH($C5,'Nueva (V11)'!$B:$B,0),1) -> #N/A | C5: =_xlfn.TEXTJOIN("-",FALSE,$D5,$J5,$K5) -> A1778775--I7600760 | D5: A1778775 | E5: ANTONIO | F5: GALVEZ | G5: GONZALEZ | H5: 04609 | I5: 04609 | K5: I7600760 | L5: 02425 | N5: ISMAEL | P5: CIVIT | R5: NOGUES | U5: 22
A6: =INDEX('Correg (V1)'!$B:$B,MATCH($C6,'Correg (V1)'!$B:$B,0),1) -> A1975872--J2161690 | B6: =INDEX('Nueva (V11)'!$B:$B,MATCH($C6,'Nueva (V11)'!$B:$B,0),1) -> A1975872--J2161690 | C6: =_xlfn.TEXTJOIN("-",FALSE,$D6,$J6,$K6) -> A1975872--J2161690 | D6: A1975872 | E6: ANGEL | F6: GONZALEZ | G6: DIAZ | H6: 00618 | I6: 00868 (COMPRADOR LOCAL) | K6: J2161690 | L6: 00868 | N6: JUAN CARLOS | P6: RODRIGUEZ | R6: ARMESTO | U6: 05
A7: =INDEX('Correg (V1)'!$B:$B,MATCH($C7,'Correg (V1)'!$B:$B,0),1) -> A2056971-A2056971- | B7: =INDEX('Nueva (V11)'!$B:$B,MATCH($C7,'Nueva (V11)'!$B:$B,0),1) -> #N/A | C7: =_xlfn.TEXTJOIN("-",FALSE,$D7,$J7,$K7) -> A2056971-A2056971- | D7: A2056971 | E7: ALBERTO | F7: ANTON | G7: ESCRIBANO | H7: 04309 | I7: PRODUCCIÓN (04309) | J7: A2056971 | L7: 145420 | M7: ALBERTO | O7: ANTON | Q7: ESCRIBANO | U7: 58
A8: =INDEX('Correg (V1)'!$B:$B,MATCH($C8,'Correg (V1)'!$B:$B,0),1) -> A2422013-A2422013- | B8: =INDEX('Nueva (V11)'!$B:$B,MATCH($C8,'Nueva (V11)'!$B:$B,0),1) -> A2422013-A2422013- | C8: =_xlfn.TEXTJOIN("-",FALSE,$D8,$J8,$K8) -> A2422013-A2422013- | D8: A2422013 | E8: ALVARO | F8: BARRIO | G8: DELGADO | H8: 01180 | I8: JEFE DE ÁREA (01180) | J8: A2422013 | L8: 002283 | M8: ALVARO | O8: BARRIO | Q8: DELGADO | U8: 22
A9: =INDEX('Correg (V1)'!$B:$B,MATCH($C9,'Correg (V1)'!$B:$B,0),1) -> A3127479-A3127479- | B9: =INDEX('Nueva (V11)'!$B:$B,MATCH($C9,'Nueva (V11)'!$B:$B,0),1) -> #N/A | C9: =_xlfn.TEXTJOIN("-",FALSE,$D9,$J9,$K9) -> A3127479-A3127479- | D9: A3127479 | E9: ALBERTO | F9: MARTINEZ | G9: CARRAL | H9: 04199 | I9: PRODUCCIÓN (04199) | J9: A3127479 | L9: 002123 | M9: ALBERTO | O9: MARTINEZ | Q9: CARRAL | U9: 71
A10: =INDEX('Correg (V1)'!$B:$B,MATCH($C10,'Correg (V1)'!$B:$B,0),1) -> A3167958-A3167958- | B10: =INDEX('Nueva (V11)'!$B:$B,MATCH($C10,'Nueva (V11)'!$B:$B,0),1) -> A3167958-A3167958- | C10: =_xlfn.TEXTJOIN("-",FALSE,$D10,$J10,$K10) -> A3167958-A3167958- | D10: A3167958 | E10: ANTONIO | F10: MORAL | G10: PEREZ | H10: 01730 | I10: JEFE DE ÁREA (01730) | J10: A3167958 | L10: 001778 | M10: ANTONIO | O10: MORAL | Q10: PEREZ | U10: 22
A11: =INDEX('Correg (V1)'!$B:$B,MATCH($C11,'Correg (V1)'!$B:$B,0),1) -> A3258905-A3258905- | B11: =INDEX('Nueva (V11)'!$B:$B,MATCH($C11,'Nueva (V11)'!$B:$B,0),1) -> A3258905-A3258905- | C11: =_xlfn.TEXTJOIN("-",FALSE,$D11,$J11,$K11) -> A3258905-A3258905- | D11: A3258905 | E11: ANGEL | F11: MARCILLA | G11: BASTIDA | H11: 02402 | I11: RESPONSABLE SERV FABRICACIÓN (02402) | J11: A3258905 | L11: 000601 | M11: ANGEL | O11: MARCILLA | Q11: BASTIDA | U11: 05
A12: =INDEX('Correg (V1)'!$B:$B,MATCH($C12,'Correg (V1)'!$B:$B,0),1) -> A3284599-A3284599- | B12: =INDEX('Nueva (V11)'!$B:$B,MATCH($C12,'Nueva (V11)'!$B:$B,0),1) -> #N/A | C12: =_xlfn.TEXTJOIN("-",FALSE,$D12,$J12,$K12) -> A3284599-A3284599- | D12: A3284599 | E12: ANGELICA | F12: GONZALO | G12: LOPEZ | H12: 03137 | I12: JEFE DE PRODUCTO (03137) | J12: A3284599 | L12: 000861 | M12: ANGELICA | O12: GONZALO | Q12: LOPEZ | U12: 58
A13: =INDEX('Correg (V1)'!$B:$B,MATCH($C13,'Correg (V1)'!$B:$B,0),1) -> A3417212-A3417212- | B13: =INDEX('Nueva (V11)'!$B:$B,MATCH($C13,'Nueva (V11)'!$B:$B,0),1) -> A3417212-A3417212- | C13: =_xlfn.TEXTJOIN("-",FALSE,$D13,$J13,$K13) -> A3417212-A3417212- | D13: A3417212 | E13: ALBERTO | F13: MARTINEZ | G13: DE PABLO | H13: 02437 | I13: RESPONSABLE LOGÍSTICA (02437) | J13: A3417212 | L13: 000701 | M13: ALBERTO | O13: MARTINEZ | Q13: DE PABLO | U13: 05
A14: =INDEX('Correg (V1)'!$B:$B,MATCH($C14,'Correg (V1)'!$B:$B,0),1) -> A3485213-A3485213- | B14: =INDEX('Nueva (V11)'!$B:$B,MATCH($C14,'Nueva (V11)'!$B:$B,0),1) -> A3485213-A3485213- | C14: =_xlfn.TEXTJOIN("-",FALSE,$D14,$J14,$K14) -> A3485213-A3485213- | D14: A3485213 | E14: AGUSTIN | F14: SUBIAS | G14: LIERTA | H14: 01589 | I14: PRODUCCIÓN (01589) | J14: A3485213 | L14: 139256 | M14: AGUSTIN | O14: SUBIAS | Q14: LIERTA | U14: 58
A15: =INDEX('Correg (V1)'!$B:$B,MATCH($C15,'Correg (V1)'!$B:$B,0),1) -> A3575764--J6399199 | B15: =INDEX('Nueva (V11)'!$B:$B,MATCH($C15,'Nueva (V11)'!$B:$B,0),1) -> #N/A | C15: =_xlfn.TEXTJOIN("-",FALSE,$D15,$J15,$K15) -> A3575764--J6399199 | D15: A3575764 | E15: ANTONIO | F15: VENDRELL | G15: VENDRELL | H15: 03363 | I15: SIN DEFINIR (03363) | K15: J6399199 | L15: 01878 | N15: JORDI | P15: ESTELLERS | R15: CASTELLVI | U15: 22
A16: =INDEX('Correg (V1)'!$B:$B,MATCH($C16,'Correg (V1)'!$B:$B,0),1) -> A4260911-A4260911- | B16: =INDEX('Nueva (V11)'!$B:$B,MATCH($C16,'Nueva (V11)'!$B:$B,0),1) -> #N/A | C16: =_xlfn.TEXTJOIN("-",FALSE,$D16,$J16,$K16) -> A4260911-A4260911- | D16: A4260911 | E16: ADOLFO | F16: SOMOLINOS | G16: OREJON | H16: 03429 | I16: RESPONSABLE DE ESTUDIOS MKG (03429) | J16: A4260911 | L16: 003330 | M16: ADOLFO | O16: SOMOLINOS | Q16: OREJON | U16: 58
A17: =INDEX('Correg (V1)'!$B:$B,MATCH($C17,'Correg (V1)'!$B:$B,0),1) -> A4544160--Y3223618 | B17: =INDEX('Nueva (V11)'!$B:$B,MATCH($C17,'Nueva (V11)'!$B:$B,0),1) -> A4544160--Y3223618 | C17: =_xlfn.TEXTJOIN("-",FALSE,$D17,$J17,$K17) -> A4544160--Y3223618 | D17: A4544160 | E17: ANTONIO | F17: TRUJILLO | G17: HELD | H17: 02480 | I17: 02480 | K17: Y3223618 | L17: 02655 | N17: YOLANDA | P17: PERALTA | R17: ROSALEN | U17: 22
A18: =INDEX('Correg (V1)'!$B:$B,MATCH($C18,'Correg (V1)'!$B:$B,0),1) -> #N/A | B18: =INDEX('Nueva (V11)'!$B:$B,MATCH($C18,'Nueva (V11)'!$B:$B,0),1) -> #N/A | C18: =_xlfn.TEXTJOIN("-",FALSE,$D18,$J18,$K18) -> A4598195-A4598195- | D18: A4598195 | E18: ALFREDO | F18: VILLA | G18: CELDRAN | H18: 02018 | I18: PRODUCCIÓN (02018) | J18: A4598195 | L18: 001429 | M18: ALFREDO | O18: VILLA | Q18: CELDRAN | U18: 05
A19: =INDEX('Correg (V1)'!$B:$B,MATCH($C19,'Correg (V1)'!$B:$B,0),1) -> A4769333--J1842217 | B19: =INDEX('Nueva (V11)'!$B:$B,MATCH($C19,'Nueva (V11)'!$B:$B,0),1) -> #N/A | C19: =_xlfn.TEXTJOIN("-",FALSE,$D19,$J19,$K19) -> A4769333--J1842217 | D19: A4769333 | E19: ALEJANDRO | F19: RUIZ | G19: DURAN | H19: 03045 | I19: 01317 (JEFE DE ÁREA) | K19: J1842217 | L19: 01317 | N19: JUAN CARLOS | P19: ARRIBAS | R19: RIAGUAS | U19: 22
A20: =INDEX('Correg (V1)'!$B:$B,MATCH($C20,'Correg (V1)'!$B:$B,0),1) -> #N/A | B20: =INDEX('Nueva (V11)'!$B:$B,MATCH($C20,'Nueva (V11)'!$B:$B,0),1) -> #N/A | C20: =_xlfn.TEXTJOIN("-",FALSE,$D20,$J20,$K20) -> A5336853-A5336853- | D20: A5336853 | E20: ANTONIO | F20: PONSODA | G20: REINA | H20: 00242 | I20: PRODUCCIÓN (00242) | J20: A5336853 | L20: 001685 | M20: ANTONIO | O20: PONSODA | Q20: REINA | U20: 2G
A21: =INDEX('Correg (V1)'!$B:$B,MATCH($C21,'Correg (V1)'!$B:$B,0),1) -> A5358571-A5358571- | B21: =INDEX('Nueva (V11)'!$B:$B,MATCH($C21,'Nueva (V11)'!$B:$B,0),1) -> #N/A | C21: =_xlfn.TEXTJOIN("-",FALSE,$D21,$J21,$K21) -> A5358571-A5358571- | D21: A5358571 | E21: ADRIAN | F21: PALACIO | G21: BEDIA | H21: 04193 | I21: PRODUCCIÓN (04193) | J21: A5358571 | L21: 002083 | M21: ADRIAN | O21: PALACIO | Q21: BEDIA | U21: 71
A22: =INDEX('Correg (V1)'!$B:$B,MATCH($C22,'Correg (V1)'!$B:$B,0),1) -> A5709653-A5709653- | B22: =INDEX('Nueva (V11)'!$B:$B,MATCH($C22,'Nueva (V11)'!$B:$B,0),1) -> #N/A | C22: =_xlfn.TEXTJOIN("-",FALSE,$D22,$J22,$K22) -> A5709653-A5709653- | D22: A5709653 | E22: ANTONIO | F22: OLMO | G22: MELGAR | H22: 03407 | I22: PRODUCCIÓN (03407) | J22: A5709653 | L22: 139187 | M22: ANTONIO | O22: OLMO | Q22: MELGAR | U22: 58
A23: =INDEX('Correg (V1)'!$B:$B,MATCH($C23,'Correg (V1)'!$B:$B,0),1) -> A6553191--F7796330 | B23: =INDEX('Nueva (V11)'!$B:$B,MATCH($C23,'Nueva (V11)'!$B:$B,0),1) -> #N/A | C23: =_xlfn.TEXTJOIN("-",FALSE,$D23,$J23,$K23) -> A6553191--F7796330 | D23: A6553191 | E23: ANTONIO M. | F23: DE LA FUENTE | G23: GUTIERREZ | H23: 04219 | I23: PRODUCCIÓN (04219) | K23: F7796330 | L23: 01040 | N23: FRANCISCO JAVIER | P23: BRAVO | R23: SARO | U23: 71
A24: =INDEX('Correg (V1)'!$B:$B,MATCH($C24,'Correg (V1)'!$B:$B,0),1) -> A6556153-A6556153- | B24: =INDEX('Nueva (V11)'!$B:$B,MATCH($C24,'Nueva (V11)'!$B:$B,0),1) -> #N/A | C24: =_xlfn.TEXTJOIN("-",FALSE,$D24,$J24,$K24) -> A6556153-A6556153- | D24: A6556153 | E24: ANTONIO MOISES | F24: SANTOS | G24: AVELLANO | H24: 03662 | I24: OPERACIONES DISTRIBUCIÓN (03363) | J24: A6556153 | L24: 002583 | M24: ANTONIO MOISES | O24: SANTOS | Q24: AVELLANO | U24: 62
A25: =INDEX('Correg (V1)'!$B:$B,MATCH($C25,'Correg (V1)'!$B:$B,0),1) -> A6653585-A6653585- | B25: =INDEX('Nueva (V11)'!$B:$B,MATCH($C25,'Nueva (V11)'!$B:$B,0),1) -> A6653585-A6653585- | C25: =_xlfn.TEXTJOIN("-",FALSE,$D25,$J25,$K25) -> A6653585-A6653585- | D25: A6653585 | E25: ANTONIO | F25: LUNA | G25: LIBRERO | H25: 01662 | I25: DIRECTOR DE FÁBRICA (01662) | J25: A6653585 | L25: 000950 | M25: ANTONIO | O25: LUNA | Q25: LIBRERO | U25: 58
A26: =INDEX('Correg (V1)'!$B:$B,MATCH($C26,'Correg (V1)'!$B:$B,0),1) -> A6687307--R3817235 | B26: =INDEX('Nueva (V11)'!$B:$B,MATCH($C26,'Nueva (V11)'!$B:$B,0),1) -> A6687307--R3817235 | C26: =_xlfn.TEXTJOIN("-",FALSE,$D26,$J26,$K26) -> A6687307--R3817235 | D26: A6687307 | E26: ANTONIO | F26: MONTES | G26: SANCHEZ | H26: 02834 | I26: DIRECTOR LOGÍSTICA (02834) | K26: R3817235 | L26: 01362 | N26: RAUL GASPAR | P26: MONTAÑES | R26: TORRENT | U26: 22
A27: =INDEX('Correg (V1)'!$B:$B,MATCH($C27,'Correg (V1)'!$B:$B,0),1) -> A7005471--J6399199 | B27: =INDEX('Nueva (V11)'!$B:$B,MATCH($C27,'Nueva (V11)'!$B:$B,0),1) -> A7005471--J6399199 | C27: =_xlfn.TEXTJOIN("-",FALSE,$D27,$J27,$K27) -> A7005471--J6399199 | D27: A7005471 | E27: ANA MARTA | F27: SANCHEZ | G27: FERNANDEZ | H27: 01883 | I27: SIN DEFINIR (01700) | K27: J6399199 | L27: 01878 | N27: JORDI | P27: ESTELLERS | R27: CASTELLVI | U27: 22
A28: =INDEX('Correg (V1)'!$B:$B,MATCH($C28,'Correg (V1)'!$B:$B,0),1) -> A7527556--A2422013 | B28: =INDEX('Nueva (V11)'!$B:$B,MATCH($C28,'Nueva (V11)'!$B:$B,0),1) -> #N/A | C28: =_xlfn.TEXTJOIN("-",FALSE,$D28,$J28,$K28) -> A7527556--A2422013 | D28: A7527556 | E28: ANASTASIO | F28: MARTIN GIL | G28: ROMERO HOMBREBU | H28: 03439 | I28: SIN DEFINIR (03439) | K28: A2422013 | L28: 01180 | N28: ALVARO | P28: BARRIO | R28: DELGADO | U28: 22
A29: =INDEX('Correg (V1)'!$B:$B,MATCH($C29,'Correg (V1)'!$B:$B,0),1) -> A8353376--M3569866 | B29: =INDEX('Nueva (V11)'!$B:$B,MATCH($C29,'Nueva (V11)'!$B:$B,0),1) -> A8353376--M3569866 | C29: =_xlfn.TEXTJOIN("-",FALSE,$D29,$J29,$K29) -> A8353376--M3569866 | D29: A8353376 | E29: AGUSTIN | F29: ESCOBAR | G29: SERRANO | H29: 00045 | I29: PRODUCCIÓN (00045) | K29: M3569866 | L29: 03546 | N29: MIRIAM | P29: SIERRA | R29: RODRIGUEZ | U29: 58
A30: =INDEX('Correg (V1)'!$B:$B,MATCH($C30,'Correg (V1)'!$B:$B,0),1) -> A8361287--I8301604 | B30: =INDEX('Nueva (V11)'!$B:$B,MATCH($C30,'Nueva (V11)'!$B:$B,0),1) -> #N/A | C30: =_xlfn.TEXTJOIN("-",FALSE,$D30,$J30,$K30) -> A8361287--I8301604 | D30: A8361287 | E30: ALEJANDRO | F30: GARCIA | G30: JIMENEZ | H30: 02901 | I30: PRODUCCIÓN (02901) | K30: I8301604 | L30: 00248 | N30: IVAN | P30: FERNANDEZ | R30: RODRIGUEZ | U30: 58
A31: =INDEX('Correg (V1)'!$B:$B,MATCH($C31,'Correg (V1)'!$B:$B,0),1) -> A9859396--J6399199 | B31: =INDEX('Nueva (V11)'!$B:$B,MATCH($C31,'Nueva (V11)'!$B:$B,0),1) -> A9859396--J6399199 | C31: =_xlfn.TEXTJOIN("-",FALSE,$D31,$J31,$K31) -> A9859396--J6399199 | D31: A9859396 | E31: ANA ISABEL | F31: MITJAVILA | G31: ESCUDERO | H31: 02641 | I31: SIN DEFINIR (02641) | K31: J6399199 | L31: 01878 | N31: JORDI | P31: ESTELLERS | R31: CASTELLVI | U31: 22
A32: =INDEX('Correg (V1)'!$B:$B,MATCH($C32,'Correg (V1)'!$B:$B,0),1) -> A9899465-A9899465- | B32: =INDEX('Nueva (V11)'!$B:$B,MATCH($C32,'Nueva (V11)'!$B:$B,0),1) -> #N/A | C32: =_xlfn.TEXTJOIN("-",FALSE,$D32,$J32,$K32) -> A9899465-A9899465- | D32: A9899465 | E32: ALBERTO | F32: GUTIERREZ | G32: GARCIA | H32: 04231 | I32: PRODUCCIÓN (04231) | J32: A9899465 | L32: 144089 | M32: ALBERTO | O32: GUTIERREZ | Q32: GARCIA | U32: 71
A33: =INDEX('Correg (V1)'!$B:$B,MATCH($C33,'Correg (V1)'!$B:$B,0),1) -> B4736339-B4736339- | B33: =INDEX('Nueva (V11)'!$B:$B,MATCH($C33,'Nueva (V11)'!$B:$B,0),1) -> #N/A | C33: =_xlfn.TEXTJOIN("-",FALSE,$D33,$J33,$K33) -> B4736339-B4736339- | D33: B4736339 | E33: BLANCA LUNA | F33: CORRAL | G33: CORDERO | H33: 03858 | I33: VENTAS (03858) | J33: B4736339 | L33: 003157 | M33: BLANCA LUNA | O33: CORRAL | Q33: CORDERO | U33: 62
A34: =INDEX('Correg (V1)'!$B:$B,MATCH($C34,'Correg (V1)'!$B:$B,0),1) -> C0100439-C0100439- | B34: =INDEX('Nueva (V11)'!$B:$B,MATCH($C34,'Nueva (V11)'!$B:$B,0),1) -> C0100439-C0100439- | C34: =_xlfn.TEXTJOIN("-",FALSE,$D34,$J34,$K34) -> C0100439-C0100439- | D34: C0100439 | E34: CESAR | F34: RAMOS | G34: MORAN | H34: 00599 | I34: PRODUCCIÓN (00599) | J34: C0100439 | L34: 003225 | M34: CESAR | O34: RAMOS | Q34: MORAN | U34: 2G
A35: =INDEX('Correg (V1)'!$B:$B,MATCH($C35,'Correg (V1)'!$B:$B,0),1) -> C7169588-C7169588- | B35: =INDEX('Nueva (V11)'!$B:$B,MATCH($C35,'Nueva (V11)'!$B:$B,0),1) -> C7169588-C7169588- | C35: =_xlfn.TEXTJOIN("-",FALSE,$D35,$J35,$K35) -> C7169588-C7169588- | D35: C7169588 | E35: CARLOS | F35: RODRIGUEZ | G35: GARCIA | H35: 02771 | I35: JEFE VENTAS - OPERACIÓN DISTR (02771) | J35: C7169588 | L35: 003972 | M35: CARLOS | O35: RODRIGUEZ | Q35: GARCIA | U35: 62
A36: =INDEX('Correg (V1)'!$B:$B,MATCH($C36,'Correg (V1)'!$B:$B,0),1) -> C9446654--J6399199 | B36: =INDEX('Nueva (V11)'!$B:$B,MATCH($C36,'Nueva (V11)'!$B:$B,0),1) -> C9446654--J6399199 | C36: =_xlfn.TEXTJOIN("-",FALSE,$D36,$J36,$K36) -> C9446654--J6399199 | D36: C9446654 | E36: CHRISTIAN FRANC | F36: ESCUDERO | G36: DOMENECH | H36: 02283 | I36: SIN DEFINIR (02283) | K36: J6399199 | L36: 01878 | N36: JORDI | P36: ESTELLERS | R36: CASTELLVI | U36: 22
A37: =INDEX('Correg (V1)'!$B:$B,MATCH($C37,'Correg (V1)'!$B:$B,0),1) -> C9612177-C9612177- | B37: =INDEX('Nueva (V11)'!$B:$B,MATCH($C37,'Nueva (V11)'!$B:$B,0),1) -> C9612177-C9612177- | C37: =_xlfn.TEXTJOIN("-",FALSE,$D37,$J37,$K37) -> C9612177-C9612177- | D37: C9612177 | E37: CARLOS | F37: BRIS | G37: CABRERIZO | H37: 00159 | I37: RESPONSABLE MANTENIMIENTO (00159) | J37: C9612177 | L37: 002363 | M37: CARLOS | O37: BRIS | Q37: CABRERIZO | U37: 2G
A38: =INDEX('Correg (V1)'!$B:$B,MATCH($C38,'Correg (V1)'!$B:$B,0),1) -> D0530111-D0530111- | B38: =INDEX('Nueva (V11)'!$B:$B,MATCH($C38,'Nueva (V11)'!$B:$B,0),1) -> D0530111-D0530111- | C38: =_xlfn.TEXTJOIN("-",FALSE,$D38,$J38,$K38) -> D0530111-D0530111- | D38: D0530111 | E38: DAVID | F38: DE BENITO | G38: MIGUEL | H38: 00362 | I38: LOGÍSTICA (00362) | J38: D0530111 | L38: 141171 | M38: DAVID | O38: DE BENITO | Q38: MIGUEL | U38: 71
A39: =INDEX('Correg (V1)'!$B:$B,MATCH($C39,'Correg (V1)'!$B:$B,0),1) -> D0601716--F6446981 | B39: =INDEX('Nueva (V11)'!$B:$B,MATCH($C39,'Nueva (V11)'!$B:$B,0),1) -> #N/A | C39: =_xlfn.TEXTJOIN("-",FALSE,$D39,$J39,$K39) -> D0601716--F6446981 | D39: D0601716 | E39: DANIEL | F39: GUTIERREZ | G39: TOLEDO | H39: 04639 | I39: 04639 | K39: F6446981 | L39: 01466 | N39: FRANCISCO JOSE | P39: NAVARRO | R39: CEBRIAN | U39: 22
A40: =INDEX('Correg (V1)'!$B:$B,MATCH($C40,'Correg (V1)'!$B:$B,0),1) -> D2301615-D2301615- | B40: =INDEX('Nueva (V11)'!$B:$B,MATCH($C40,'Nueva (V11)'!$B:$B,0),1) -> #N/A | C40: =_xlfn.TEXTJOIN("-",FALSE,$D40,$J40,$K40) -> D2301615-D2301615- | D40: D2301615 | E40: DAVID | F40: GONZALEZ | G40: CALDERON | H40: 03954 | I40: PRODUCCIÓN (03954) | J40: D2301615 | L40: 004200 | M40: DAVID | O40: GONZALEZ | Q40: CALDERON | U40: 58
A41: =INDEX('Correg (V1)'!$B:$B,MATCH($C41,'Correg (V1)'!$B:$B,0),1) -> D5004487--A3575764 | B41: =INDEX('Nueva (V11)'!$B:$B,MATCH($C41,'Nueva (V11)'!$B:$B,0),1) -> D5004487--A3575764 | C41: =_xlfn.TEXTJOIN("-",FALSE,$D41,$J41,$K41) -> D5004487--A3575764 | D41: D5004487 | E41: DAVID | F41: LARROSA | G41: CANO | H41: 01562 | I41: 01562 | K41: A3575764 | L41: 03363 | N41: ANTONIO | P41: VENDRELL | R41: VENDRELL | U41: 22
A42: =INDEX('Correg (V1)'!$B:$B,MATCH($C42,'Correg (V1)'!$B:$B,0),1) -> D5989930--J5498073 | B42: =INDEX('Nueva (V11)'!$B:$B,MATCH($C42,'Nueva (V11)'!$B:$B,0),1) -> #N/A | C42: =_xlfn.TEXTJOIN("-",FALSE,$D42,$J42,$K42) -> D5989930--J5498073 | D42: D5989930 | E42: DANIEL | F42: LOZANO | G42: MARTINEZ | H42: 03929 | I42: MEDIO AMBIENTE (03929) | K42: J5498073 | L42: 00478 | N42: JOSE RAMON | P42: ARGÜESO | R42: IZQUIERDO | U42: 58
A43: =INDEX('Correg (V1)'!$B:$B,MATCH($C43,'Correg (V1)'!$B:$B,0),1) -> D6566115-D6566115- | B43: =INDEX('Nueva (V11)'!$B:$B,MATCH($C43,'Nueva (V11)'!$B:$B,0),1) -> #N/A | C43: =_xlfn.TEXTJOIN("-",FALSE,$D43,$J43,$K43) -> D6566115-D6566115- | D43: D6566115 | E43: DIEGO | F43: ESTRUC | G43: ALTABAS | H43: 04330 | I43: ADMINISTRACIÓN (04330) | J43: D6566115 | L43: 137507 | M43: DIEGO | O43: ESTRUC | Q43: ALTABAS | U43: 58
A44: =INDEX('Correg (V1)'!$B:$B,MATCH($C44,'Correg (V1)'!$B:$B,0),1) -> D6725163--J5549918 | B44: =INDEX('Nueva (V11)'!$B:$B,MATCH($C44,'Nueva (V11)'!$B:$B,0),1) -> D6725163--J5549918 | C44: =_xlfn.TEXTJOIN("-",FALSE,$D44,$J44,$K44) -> D6725163--J5549918 | D44: D6725163 | E44: DAVID | F44: OLIVAR | G44: DOMINGUEZ | H44: 00550 | I44: 00935 (JEFE VENTAS - OPERACIÓN DISTR) | K44: J5549918 | L44: 00935 | N44: JAVIER | P44: MUÑIZ | R44: MIGUELEZ | U44: 22
A45: =INDEX('Correg (V1)'!$B:$B,MATCH($C45,'Correg (V1)'!$B:$B,0),1) -> D8102953--A3167958 | B45: =INDEX('Nueva (V11)'!$B:$B,MATCH($C45,'Nueva (V11)'!$B:$B,0),1) -> D8102953--A3167958 | C45: =_xlfn.TEXTJOIN("-",FALSE,$D45,$J45,$K45) -> D8102953--A3167958 | D45: D8102953 | E45: DANIEL | F45: GALAN | G45: AGUNDEZ | H45: 01681 | I45: 01681 | K45: A3167958 | L45: 01730 | N45: ANTONIO | P45: MORAL | R45: PEREZ | U45: 22
A46: =INDEX('Correg (V1)'!$B:$B,MATCH($C46,'Correg (V1)'!$B:$B,0),1) -> D8399181-D8399181- | B46: =INDEX('Nueva (V11)'!$B:$B,MATCH($C46,'Nueva (V11)'!$B:$B,0),1) -> D8399181-D8399181- | C46: =_xlfn.TEXTJOIN("-",FALSE,$D46,$J46,$K46) -> D8399181-D8399181- | D46: D8399181 | E46: DAVID | F46: DEL AMO | G46: BRAVO | H46: 01299 | I46: RESPONSABLE MANTENIMIENTO (01299) | J46: D8399181 | L46: 004290 | M46: DAVID | O46: DEL AMO | Q46: BRAVO | U46: 58
A47: =INDEX('Correg (V1)'!$B:$B,MATCH($C47,'Correg (V1)'!$B:$B,0),1) -> E0049784--I7600760 | B47: =INDEX('Nueva (V11)'!$B:$B,MATCH($C47,'Nueva (V11)'!$B:$B,0),1) -> #N/A | C47: =_xlfn.TEXTJOIN("-",FALSE,$D47,$J47,$K47) -> E0049784--I7600760 | D47: E0049784 | E47: ELOI | F47: CIVIT | G47: NOGUES | H47: 02936 | I47: OPERACIONES DISTRIBUCIÓN (02936) | K47: I7600760 | L47: 02425 | N47: ISMAEL | P47: CIVIT | R47: NOGUES | U47: 22
A48: =INDEX('Correg (V1)'!$B:$B,MATCH($C48,'Correg (V1)'!$B:$B,0),1) -> E3234664--J2543295 | B48: =INDEX('Nueva (V11)'!$B:$B,MATCH($C48,'Nueva (V11)'!$B:$B,0),1) -> E3234664--J2543295 | C48: =_xlfn.TEXTJOIN("-",FALSE,$D48,$J48,$K48) -> E3234664--J2543295 | D48: E3234664 | E48: ESTHER | F48: PRAT | G48: GIL | H48: 02673 | I48: DIRECTOR I+D (02673) | K48: J2543295 | L48: 03523 | N48: JORGE VICENTE | P48: RIUS | R48: PUIG | U48: 83
A49: =INDEX('Correg (V1)'!$B:$B,MATCH($C49,'Correg (V1)'!$B:$B,0),1) -> F1158861-F1158861- | B49: =INDEX('Nueva (V11)'!$B:$B,MATCH($C49,'Nueva (V11)'!$B:$B,0),1) -> F1158861-F1158861- | C49: =_xlfn.TEXTJOIN("-",FALSE,$D49,$J49,$K49) -> F1158861-F1158861- | D49: F1158861 | E49: FERNANDO | F49: GARCIA | G49: UBEDA | H49: 02577 | I49: PRODUCCIÓN (02577) | J49: F1158861 | L49: 148862 | M49: FERNANDO | O49: GARCIA | Q49: UBEDA | U49: 58
A50: =INDEX('Correg (V1)'!$B:$B,MATCH($C50,'Correg (V1)'!$B:$B,0),1) -> F1270653-F1270653- | B50: =INDEX('Nueva (V11)'!$B:$B,MATCH($C50,'Nueva (V11)'!$B:$B,0),1) -> #N/A | C50: =_xlfn.TEXTJOIN("-",FALSE,$D50,$J50,$K50) -> F1270653-F1270653- | D50: F1270653 | E50: FERNANDO | F50: BUENO | G50: GARCIA | H50: 03115 | I50: JEFE VENTAS - OPERACIÓN DISTR (03115) | J50: F1270653 | L50: 003987 | M50: FERNANDO | O50: BUENO | Q50: GARCIA | U50: 62
A51: =INDEX('Correg (V1)'!$B:$B,MATCH($C51,'Correg (V1)'!$B:$B,0),1) -> F1775183-F1775183- | B51: =INDEX('Nueva (V11)'!$B:$B,MATCH($C51,'Nueva (V11)'!$B:$B,0),1) -> #N/A | C51: =_xlfn.TEXTJOIN("-",FALSE,$D51,$J51,$K51) -> F1775183-F1775183- | D51: F1775183 | E51: FRANCISCO | F51: RAMOS | G51: MARRERO | H51: 03836 | I51: DIRECTOR DE FÁBRICA (03836) | J51: F1775183 | L51: 002690 | M51: FRANCISCO | O51: RAMOS | Q51: MARRERO | U51: 58
A52: =INDEX('Correg (V1)'!$B:$B,MATCH($C52,'Correg (V1)'!$B:$B,0),1) -> F1960010--A2422013 | B52: =INDEX('Nueva (V11)'!$B:$B,MATCH($C52,'Nueva (V11)'!$B:$B,0),1) -> #N/A | C52: =_xlfn.TEXTJOIN("-",FALSE,$D52,$J52,$K52) -> F1960010--A2422013 | D52: F1960010 | E52: FRANCISCO | F52: TAPIA | G52: VALOR | H52: 03728 | I52: 03728 | K52: A2422013 | L52: 01180 | N52: ALVARO | P52: BARRIO | R52: DELGADO | U52: 22
A53: =INDEX('Correg (V1)'!$B:$B,MATCH($C53,'Correg (V1)'!$B:$B,0),1) -> F2867294-F2867294- | B53: =INDEX('Nueva (V11)'!$B:$B,MATCH($C53,'Nueva (V11)'!$B:$B,0),1) -> #N/A | C53: =_xlfn.TEXTJOIN("-",FALSE,$D53,$J53,$K53) -> F2867294-F2867294- | D53: F2867294 | E53: FREDERICO JORGE LOURENCO | F53: SANTOS | G53: CARIA | H53: 04668 | I53: SIN DEFINIR (04668) | J53: F2867294 | L53: 000584 | M53: FREDERICO JORGE LOURENCO | O53: SANTOS | Q53: CARIA | U53: 05
A54: =INDEX('Correg (V1)'!$B:$B,MATCH($C54,'Correg (V1)'!$B:$B,0),1) -> F3680745--A9859396 | B54: =INDEX('Nueva (V11)'!$B:$B,MATCH($C54,'Nueva (V11)'!$B:$B,0),1) -> #N/A | C54: =_xlfn.TEXTJOIN("-",FALSE,$D54,$J54,$K54) -> F3680745--A9859396 | D54: F3680745 | E54: FRANCISCO J. | F54: NIETO | G54: GARCIA | H54: 03441 | I54: 02641 (LOGÍSTICA) | K54: A9859396 | L54: 02641 | N54: ANA ISABEL | P54: MITJAVILA | R54: ESCUDERO | U54: 22
A55: =INDEX('Correg (V1)'!$B:$B,MATCH($C55,'Correg (V1)'!$B:$B,0),1) -> F4038832-F4038832- | B55: =INDEX('Nueva (V11)'!$B:$B,MATCH($C55,'Nueva (V11)'!$B:$B,0),1) -> #N/A | C55: =_xlfn.TEXTJOIN("-",FALSE,$D55,$J55,$K55) -> F4038832-F4038832- | D55: F4038832 | E55: FRANCISCO DANIEL | F55: SORIANO | G55: MAÑES | H55: 04388 | I55: PRODUCCIÓN (04388) | J55: F4038832 | L55: 139314 | M55: FRANCISCO DANIEL | O55: SORIANO | Q55: MAÑES | U55: 58
A56: =INDEX('Correg (V1)'!$B:$B,MATCH($C56,'Correg (V1)'!$B:$B,0),1) -> F5049139-F5049139- | B56: =INDEX('Nueva (V11)'!$B:$B,MATCH($C56,'Nueva (V11)'!$B:$B,0),1) -> F5049139-F5049139- | C56: =_xlfn.TEXTJOIN("-",FALSE,$D56,$J56,$K56) -> F5049139-F5049139- | D56: F5049139 | E56: FRANCISCO JAVIER | F56: DEL RIO | G56: ZAMANILLO | H56: 00580 | I56: RESPONSABLE SERV FABRICACIÓN (00580) | J56: F5049139 | L56: 001216 | M56: FRANCISCO JAVIER | O56: DEL RIO | Q56: ZAMANILLO | U56: 05
A57: =INDEX('Correg (V1)'!$B:$B,MATCH($C57,'Correg (V1)'!$B:$B,0),1) -> F5762639--M1155913 | B57: =INDEX('Nueva (V11)'!$B:$B,MATCH($C57,'Nueva (V11)'!$B:$B,0),1) -> F5762639--M1155913 | C57: =_xlfn.TEXTJOIN("-",FALSE,$D57,$J57,$K57) -> F5762639--M1155913 | D57: F5762639 | E57: FERRAN | F57: DEULOFEU | G57: VERGES | H57: 02411 | I57: 02411 | K57: M1155913 | L57: 02394 | N57: MIRIAM | P57: PUIG | R57: AGUSTI | U57: 22
A58: =INDEX('Correg (V1)'!$B:$B,MATCH($C58,'Correg (V1)'!$B:$B,0),1) -> F6446981--A3167958 | B58: =INDEX('Nueva (V11)'!$B:$B,MATCH($C58,'Nueva (V11)'!$B:$B,0),1) -> F6446981--A3167958 | C58: =_xlfn.TEXTJOIN("-",FALSE,$D58,$J58,$K58) -> F6446981--A3167958 | D58: F6446981 | E58: FRANCISCO JOSE | F58: NAVARRO | G58: CEBRIAN | H58: 01466 | I58: SIN DEFINIR (01466) | K58: A3167958 | L58: 01730 | N58: ANTONIO | P58: MORAL | R58: PEREZ | U58: 22
A59: =INDEX('Correg (V1)'!$B:$B,MATCH($C59,'Correg (V1)'!$B:$B,0),1) -> F7394324-F7394324- | B59: =INDEX('Nueva (V11)'!$B:$B,MATCH($C59,'Nueva (V11)'!$B:$B,0),1) -> #N/A | C59: =_xlfn.TEXTJOIN("-",FALSE,$D59,$J59,$K59) -> F7394324-F7394324- | D59: F7394324 | E59: FCO ALEJANDRO | F59: GARCIA | G59: VALLE | H59: 04119 | I59: PRODUCCIÓN (04119) | J59: F7394324 | L59: 002115 | M59: FCO ALEJANDRO | O59: GARCIA | Q59: VALLE | U59: 71
A60: =INDEX('Correg (V1)'!$B:$B,MATCH($C60,'Correg (V1)'!$B:$B,0),1) -> F7796330--B2149319 | B60: =INDEX('Nueva (V11)'!$B:$B,MATCH($C60,'Nueva (V11)'!$B:$B,0),1) -> F7796330--B2149319 | C60: =_xlfn.TEXTJOIN("-",FALSE,$D60,$J60,$K60) -> F7796330--B2149319 | D60: F7796330 | E60: FRANCISCO JAVIER | F60: BRAVO | G60: SARO | H60: 01040 | I60: PRODUCCIÓN (01040) | K60: B2149319 | L60: 04142 | N60: BEGOÑA | P60: RUIZ | R60: LABRADOR | U60: 71
A61: =INDEX('Correg (V1)'!$B:$B,MATCH($C61,'Correg (V1)'!$B:$B,0),1) -> F8146290-F8146290- | B61: =INDEX('Nueva (V11)'!$B:$B,MATCH($C61,'Nueva (V11)'!$B:$B,0),1) -> F8146290-F8146290- | C61: =_xlfn.TEXTJOIN("-",FALSE,$D61,$J61,$K61) -> F8146290-F8146290- | D61: F8146290 | E61: FRANCISCO JAVIER | F61: HERNANDEZ | G61: OLIVER | H61: 00106 | I61: LOGÍSTICA (00106) | J61: F8146290 | L61: 141727 | M61: FRANCISCO JAVIER | O61: HERNANDEZ | Q61: OLIVER | U61: 58
A62: =INDEX('Correg (V1)'!$B:$B,MATCH($C62,'Correg (V1)'!$B:$B,0),1) -> F9009293-F9009293- | B62: =INDEX('Nueva (V11)'!$B:$B,MATCH($C62,'Nueva (V11)'!$B:$B,0),1) -> F9009293-F9009293- | C62: =_xlfn.TEXTJOIN("-",FALSE,$D62,$J62,$K62) -> F9009293-F9009293- | D62: F9009293 | E62: FERNANDO | F62: MARTINEZ | G62: BENITO | H62: 00145 | I62: PRODUCCIÓN (00145) | J62: F9009293 | L62: 001601 | M62: FERNANDO | O62: MARTINEZ | Q62: BENITO | U62: 2G
A63: =INDEX('Correg (V1)'!$B:$B,MATCH($C63,'Correg (V1)'!$B:$B,0),1) -> F9397311-F9397311- | B63: =INDEX('Nueva (V11)'!$B:$B,MATCH($C63,'Nueva (V11)'!$B:$B,0),1) -> #N/A | C63: =_xlfn.TEXTJOIN("-",FALSE,$D63,$J63,$K63) -> F9397311-F9397311- | D63: F9397311 | E63: FRANCISCO MANUEL | F63: CIVANTOS | G63: BARDAJI | H63: 04415 | I63: PRODUCCIÓN (04415) | J63: F9397311 | L63: 139325 | M63: FRANCISCO MANUEL | O63: CIVANTOS | Q63: BARDAJI | U63: 58
A64: =INDEX('Correg (V1)'!$B:$B,MATCH($C64,'Correg (V1)'!$B:$B,0),1) -> F9551809--L7371274 | B64: =INDEX('Nueva (V11)'!$B:$B,MATCH($C64,'Nueva (V11)'!$B:$B,0),1) -> #N/A | C64: =_xlfn.TEXTJOIN("-",FALSE,$D64,$J64,$K64) -> F9551809--L7371274 | D64: F9551809 | E64: FRANCISCO JOSE | F64: REDONDO | G64: VALERO | H64: 03525 | I64: 03525 | K64: L7371274 | L64: 00596 | N64: LOURDES | P64: VIDAL | R64: GARCIA | U64: 22
A65: =INDEX('Correg (V1)'!$B:$B,MATCH($C65,'Correg (V1)'!$B:$B,0),1) -> F9876087-F9876087- | B65: =INDEX('Nueva (V11)'!$B:$B,MATCH($C65,'Nueva (V11)'!$B:$B,0),1) -> F9876087-F9876087- | C65: =_xlfn.TEXTJOIN("-",FALSE,$D65,$J65,$K65) -> F9876087-F9876087- | D65: F9876087 | E65: FERNANDO | F65: BOUTHELIER | G65: MORATO | H65: 01700 | I65: SIN DEFINIR (01700) | J65: F9876087 | L65: 004288 | M65: FERNANDO | O65: BOUTHELIER | Q65: MORATO | U65: 58
A66: =INDEX('Correg (V1)'!$B:$B,MATCH($C66,'Correg (V1)'!$B:$B,0),1) -> G0003988-G0003988- | B66: =INDEX('Nueva (V11)'!$B:$B,MATCH($C66,'Nueva (V11)'!$B:$B,0),1) -> G0003988-G0003988- | C66: =_xlfn.TEXTJOIN("-",FALSE,$D66,$J66,$K66) -> G0003988-G0003988- | D66: G0003988 | E66: GONZALO | F66: SANCHEZ | G66: TERREN | H66: 01613 | I66: DIRECTOR DE FÁBRICA (01613) | J66: G0003988 | L66: 000881 | M66: GONZALO | O66: SANCHEZ | Q66: TERREN | U66: 58
A67: =INDEX('Correg (V1)'!$B:$B,MATCH($C67,'Correg (V1)'!$B:$B,0),1) -> G0003988-J9873482- | B67: =INDEX('Nueva (V11)'!$B:$B,MATCH($C67,'Nueva (V11)'!$B:$B,0),1) -> G0003988-J9873482- | C67: =_xlfn.TEXTJOIN("-",FALSE,$D67,$J67,$K67) -> G0003988-J9873482- | D67: G0003988 | E67: GONZALO | F67: SANCHEZ | G67: TERREN | H67: 01613 | I67: DIRECTOR DE FÁBRICA (01613) | J67: J9873482 | L67: 000881 | M67: JOSE ANGEL | O67: LOPEZ | Q67: GURRUCHAGA | U67: 58
A68: =INDEX('Correg (V1)'!$B:$B,MATCH($C68,'Correg (V1)'!$B:$B,0),1) -> G1309777-G1309777- | B68: =INDEX('Nueva (V11)'!$B:$B,MATCH($C68,'Nueva (V11)'!$B:$B,0),1) -> G1309777-G1309777- | C68: =_xlfn.TEXTJOIN("-",FALSE,$D68,$J68,$K68) -> G1309777-G1309777- | D68: G1309777 | E68: GUSTAVO | F68: HERRANZ | G68: BARAHONA | H68: 00236 | I68: PRODUCCIÓN (00236) | J68: G1309777 | L68: 003199 | M68: GUSTAVO | O68: HERRANZ | Q68: BARAHONA | U68: 2G
A69: =INDEX('Correg (V1)'!$B:$B,MATCH($C69,'Correg (V1)'!$B:$B,0),1) -> G2953728--I7600760 | B69: =INDEX('Nueva (V11)'!$B:$B,MATCH($C69,'Nueva (V11)'!$B:$B,0),1) -> G2953728--I7600760 | C69: =_xlfn.TEXTJOIN("-",FALSE,$D69,$J69,$K69) -> G2953728--I7600760 | D69: G2953728 | E69: GENOVEVA | F69: PUJOL | G69: VILARO | H69: 02335 | I69: OPERACIONES DISTRIBUCIÓN (02335) | K69: I7600760 | L69: 02425 | N69: ISMAEL | P69: CIVIT | R69: NOGUES | U69: 22
A70: =INDEX('Correg (V1)'!$B:$B,MATCH($C70,'Correg (V1)'!$B:$B,0),1) -> G3229318--J2543295 | B70: =INDEX('Nueva (V11)'!$B:$B,MATCH($C70,'Nueva (V11)'!$B:$B,0),1) -> G3229318--J2543295 | C70: =_xlfn.TEXTJOIN("-",FALSE,$D70,$J70,$K70) -> G3229318--J2543295 | D70: G3229318 | E70: GREGORIO | F70: LASIERRA | G70: LAPLANA | H70: 01945 | I70: DIRECTOR INDUSTRIAL (01945) | K70: J2543295 | L70: 03523 | N70: JORGE VICENTE | P70: RIUS | R70: PUIG | U70: 83
A71: =INDEX('Correg (V1)'!$B:$B,MATCH($C71,'Correg (V1)'!$B:$B,0),1) -> G9554789-G9554789- | B71: =INDEX('Nueva (V11)'!$B:$B,MATCH($C71,'Nueva (V11)'!$B:$B,0),1) -> G9554789-G9554789- | C71: =_xlfn.TEXTJOIN("-",FALSE,$D71,$J71,$K71) -> G9554789-G9554789- | D71: G9554789 | E71: GREGORIO | F71: SERRANO | G71: PLAZA | H71: 01039 | I71: PRODUCCIÓN (01039) | J71: G9554789 | L71: 002087 | M71: GREGORIO | O71: SERRANO | Q71: PLAZA | U71: 71
A72: =INDEX('Correg (V1)'!$B:$B,MATCH($C72,'Correg (V1)'!$B:$B,0),1) -> H7461208--E3066917 | B72: =INDEX('Nueva (V11)'!$B:$B,MATCH($C72,'Nueva (V11)'!$B:$B,0),1) -> H7461208--E3066917 | C72: =_xlfn.TEXTJOIN("-",FALSE,$D72,$J72,$K72) -> H7461208--E3066917 | D72: H7461208 | E72: HIGINIO | F72: RUFANGES | G72: ZORITA | H72: 02600 | I72: SIN DEFINIR (02552) | K72: E3066917 | L72: 00947 | N72: EDUARDO | P72: ALONSO | R72: MARTINEZ | U72: 58
A73: =INDEX('Correg (V1)'!$B:$B,MATCH($C73,'Correg (V1)'!$B:$B,0),1) -> H9345495--J9332943 | B73: =INDEX('Nueva (V11)'!$B:$B,MATCH($C73,'Nueva (V11)'!$B:$B,0),1) -> #N/A | C73: =_xlfn.TEXTJOIN("-",FALSE,$D73,$J73,$K73) -> H9345495--J9332943 | D73: H9345495 | E73: HELÉNE MARIE | F73: BOIS | G73: - | H73: 04789 | I73: RESP CALIDAD GENERALISTA (04789) | K73: J9332943 | L73: 00131 | N73: JOAQUIN | P73: CASO | R73: HOMBRADOS | U73: 2G
A74: =INDEX('Correg (V1)'!$B:$B,MATCH($C74,'Correg (V1)'!$B:$B,0),1) -> I1096541-I1096541- | B74: =INDEX('Nueva (V11)'!$B:$B,MATCH($C74,'Nueva (V11)'!$B:$B,0),1) -> I1096541-I1096541- | C74: =_xlfn.TEXTJOIN("-",FALSE,$D74,$J74,$K74) -> I1096541-I1096541- | D74: I1096541 | E74: IGNACIO | F74: HERCE | G74: ADALID | H74: 01229 | I74: PRODUCCIÓN (01229) | J74: I1096541 | L74: 139331 | M74: IGNACIO | O74: HERCE | Q74: ADALID | U74: 58
A75: =INDEX('Correg (V1)'!$B:$B,MATCH($C75,'Correg (V1)'!$B:$B,0),1) -> I2569958--P6842735 | B75: =INDEX('Nueva (V11)'!$B:$B,MATCH($C75,'Nueva (V11)'!$B:$B,0),1) -> #N/A | C75: =_xlfn.TEXTJOIN("-",FALSE,$D75,$J75,$K75) -> I2569958--P6842735 | D75: I2569958 | E75: IVAN | F75: MATEO | G75: ESPINOSA | H75: 04411 | I75: 04411 | K75: P6842735 | L75: 01472 | N75: PEDRO | P75: ALONSO | R75: AZORIN | U75: 22
A76: =INDEX('Correg (V1)'!$B:$B,MATCH($C76,'Correg (V1)'!$B:$B,0),1) -> I6567006--J1842217 | B76: =INDEX('Nueva (V11)'!$B:$B,MATCH($C76,'Nueva (V11)'!$B:$B,0),1) -> I6567006--J1842217 | C76: =_xlfn.TEXTJOIN("-",FALSE,$D76,$J76,$K76) -> I6567006--J1842217 | D76: I6567006 | E76: INES | F76: MALLEN | G76: MONTAÑES | H76: 01438 | I76: OPERACIONES DISTRIBUCIÓN (01438) | K76: J1842217 | L76: 01317 | N76: JUAN CARLOS | P76: ARRIBAS | R76: RIAGUAS | U76: 22
A77: =INDEX('Correg (V1)'!$B:$B,MATCH($C77,'Correg (V1)'!$B:$B,0),1) -> I6825354-I6825354- | B77: =INDEX('Nueva (V11)'!$B:$B,MATCH($C77,'Nueva (V11)'!$B:$B,0),1) -> I6825354-I6825354- | C77: =_xlfn.TEXTJOIN("-",FALSE,$D77,$J77,$K77) -> I6825354-I6825354- | D77: I6825354 | E77: IÑIGO | F77: SANCHEZ | G77: VICENTE | H77: 00931 | I77: JEFE VENTAS - OPERACIÓN DISTR (00931) | J77: I6825354 | L77: 002870 | M77: IÑIGO | O77: SANCHEZ | Q77: VICENTE | U77: 22
A78: =INDEX('Correg (V1)'!$B:$B,MATCH($C78,'Correg (V1)'!$B:$B,0),1) -> I7600760-I7600760- | B78: =INDEX('Nueva (V11)'!$B:$B,MATCH($C78,'Nueva (V11)'!$B:$B,0),1) -> I7600760-I7600760- | C78: =_xlfn.TEXTJOIN("-",FALSE,$D78,$J78,$K78) -> I7600760-I7600760- | D78: I7600760 | E78: ISMAEL | F78: CIVIT | G78: NOGUES | H78: 02425 | I78: JEFE DE ÁREA (02425) | J78: I7600760 | L78: 003119 | M78: ISMAEL | O78: CIVIT | Q78: NOGUES | U78: 22
A79: =INDEX('Correg (V1)'!$B:$B,MATCH($C79,'Correg (V1)'!$B:$B,0),1) -> I7906159--A7005471 | B79: =INDEX('Nueva (V11)'!$B:$B,MATCH($C79,'Nueva (V11)'!$B:$B,0),1) -> #N/A | C79: =_xlfn.TEXTJOIN("-",FALSE,$D79,$J79,$K79) -> I7906159--A7005471 | D79: I7906159 | E79: IVAN | F79: SANCHEZ | G79: GALVEZ | H79: 03686 | I79: 03686 | K79: A7005471 | L79: 01883 | N79: ANA MARTA | P79: SANCHEZ | R79: FERNANDEZ | U79: 22
A80: =INDEX('Correg (V1)'!$B:$B,MATCH($C80,'Correg (V1)'!$B:$B,0),1) -> I8301604-I8301604- | B80: =INDEX('Nueva (V11)'!$B:$B,MATCH($C80,'Nueva (V11)'!$B:$B,0),1) -> I8301604-I8301604- | C80: =_xlfn.TEXTJOIN("-",FALSE,$D80,$J80,$K80) -> I8301604-I8301604- | D80: I8301604 | E80: IVAN | F80: FERNANDEZ | G80: RODRIGUEZ | H80: 00248 | I80: VENTAS (02022) | J80: I8301604 | L80: 003404 | M80: IVAN | O80: FERNANDEZ | Q80: RODRIGUEZ | U80: 2G
A81: =INDEX('Correg (V1)'!$B:$B,MATCH($C81,'Correg (V1)'!$B:$B,0),1) -> I9027151-I9027151- | B81: =INDEX('Nueva (V11)'!$B:$B,MATCH($C81,'Nueva (V11)'!$B:$B,0),1) -> I9027151-I9027151- | C81: =_xlfn.TEXTJOIN("-",FALSE,$D81,$J81,$K81) -> I9027151-I9027151- | D81: I9027151 | E81: IVAN | F81: LUCIO | G81: VICENTE | H81: 00856 | I81: VENTAS (00856) | J81: I9027151 | L81: 002350 | M81: IVAN | O81: LUCIO | Q81: VICENTE | U81: 05
A82: =INDEX('Correg (V1)'!$B:$B,MATCH($C82,'Correg (V1)'!$B:$B,0),1) -> J0469011--A4621755 | B82: =INDEX('Nueva (V11)'!$B:$B,MATCH($C82,'Nueva (V11)'!$B:$B,0),1) -> J0469011--A4621755 | C82: =_xlfn.TEXTJOIN("-",FALSE,$D82,$J82,$K82) -> J0469011--A4621755 | D82: J0469011 | E82: JOSE MANUEL | F82: DOMINGUEZ | G82: MARTINEZ | H82: 01716 | I82: VENTAS (02655) | K82: A4621755 | L82: 03238 | N82: ALBERTO | P82: PUAGO | R82: CRESPO | U82: 58
A83: =INDEX('Correg (V1)'!$B:$B,MATCH($C83,'Correg (V1)'!$B:$B,0),1) -> J0717255--I6567006 | B83: =INDEX('Nueva (V11)'!$B:$B,MATCH($C83,'Nueva (V11)'!$B:$B,0),1) -> J0717255--I6567006 | C83: =_xlfn.TEXTJOIN("-",FALSE,$D83,$J83,$K83) -> J0717255--I6567006 | D83: J0717255 | E83: JUAN ANTONIO | F83: SALES | G83: GIL | H83: 01363 | I83: 01438 (LOGÍSTICA) | K83: I6567006 | L83: 01438 | N83: INES | P83: MALLEN | R83: MONTAÑES | U83: 22
A84: =INDEX('Correg (V1)'!$B:$B,MATCH($C84,'Correg (V1)'!$B:$B,0),1) -> #N/A | B84: =INDEX('Nueva (V11)'!$B:$B,MATCH($C84,'Nueva (V11)'!$B:$B,0),1) -> #N/A | C84: =_xlfn.TEXTJOIN("-",FALSE,$D84,$J84,$K84) -> J1002613--F6254996 | D84: J1002613 | E84: JOSE | F84: PEREZ | G84: NAVARRO | H84: 00932 | I84: PRODUCCIÓN (00932) | K84: F6254996 | L84: 00602 | N84: FRANCISCO-JAVIER | P84: FERNANDEZ | R84: CAMPAL | U84: 71
A85: =INDEX('Correg (V1)'!$B:$B,MATCH($C85,'Correg (V1)'!$B:$B,0),1) -> J1776207-J1776207- | B85: =INDEX('Nueva (V11)'!$B:$B,MATCH($C85,'Nueva (V11)'!$B:$B,0),1) -> J1776207-J1776207- | C85: =_xlfn.TEXTJOIN("-",FALSE,$D85,$J85,$K85) -> J1776207-J1776207- | D85: J1776207 | E85: JAVIER | F85: SARABIA | G85: MONTES | H85: 00950 | I85: VENTAS (01466) | J85: J1776207 | L85: 002636 | M85: JAVIER | O85: SARABIA | Q85: MONTES | U85: 71
A86: =INDEX('Correg (V1)'!$B:$B,MATCH($C86,'Correg (V1)'!$B:$B,0),1) -> J1842217-J1842217- | B86: =INDEX('Nueva (V11)'!$B:$B,MATCH($C86,'Nueva (V11)'!$B:$B,0),1) -> J1842217-J1842217- | C86: =_xlfn.TEXTJOIN("-",FALSE,$D86,$J86,$K86) -> J1842217-J1842217- | D86: J1842217 | E86: JUAN CARLOS | F86: ARRIBAS | G86: RIAGUAS | H86: 01317 | I86: SIN DEFINIR (04668) | J86: J1842217 | L86: 001416 | M86: JUAN CARLOS | O86: ARRIBAS | Q86: RIAGUAS | U86: 22
A87: =INDEX('Correg (V1)'!$B:$B,MATCH($C87,'Correg (V1)'!$B:$B,0),1) -> J2161690-J2161690- | B87: =INDEX('Nueva (V11)'!$B:$B,MATCH($C87,'Nueva (V11)'!$B:$B,0),1) -> J2161690-J2161690- | C87: =_xlfn.TEXTJOIN("-",FALSE,$D87,$J87,$K87) -> J2161690-J2161690- | D87: J2161690 | E87: JUAN CARLOS | F87: RODRIGUEZ | G87: ARMESTO | H87: 00868 | I87: OPERACIONES DISTRIBUCIÓN (04403) | J87: J2161690 | L87: 001683 | M87: JUAN CARLOS | O87: RODRIGUEZ | Q87: ARMESTO | U87: 05
A88: =INDEX('Correg (V1)'!$B:$B,MATCH($C88,'Correg (V1)'!$B:$B,0),1) -> J2702276--J7231919 | B88: =INDEX('Nueva (V11)'!$B:$B,MATCH($C88,'Nueva (V11)'!$B:$B,0),1) -> J2702276--J7231919 | C88: =_xlfn.TEXTJOIN("-",FALSE,$D88,$J88,$K88) -> J2702276--J7231919 | D88: J2702276 | E88: JUAN RAMON | F88: SANCHEZ | G88: FERRANDIS | H88: 01576 | I88: VENTAS (01576) | K88: J7231919 | L88: 01948 | N88: JAVIER | P88: MENDEZ | R88: ESTEBAN | U88: 83
A89: =INDEX('Correg (V1)'!$B:$B,MATCH($C89,'Correg (V1)'!$B:$B,0),1) -> J2778182--V9086179 | B89: =INDEX('Nueva (V11)'!$B:$B,MATCH($C89,'Nueva (V11)'!$B:$B,0),1) -> J2778182--V9086179 | C89: =_xlfn.TEXTJOIN("-",FALSE,$D89,$J89,$K89) -> J2778182--V9086179 | D89: J2778182 | E89: JOSE | F89: MORENO | G89: MORA | H89: 01629 | I89: 03059 (LOGÍSTICA) | K89: V9086179 | L89: 03059 | N89: VICTOR MANUEL | P89: LOPEZ | R89: CABRERA | U89: 22
A90: =INDEX('Correg (V1)'!$B:$B,MATCH($C90,'Correg (V1)'!$B:$B,0),1) -> J3490141--I6825354 | B90: =INDEX('Nueva (V11)'!$B:$B,MATCH($C90,'Nueva (V11)'!$B:$B,0),1) -> J3490141--I6825354 | C90: =_xlfn.TEXTJOIN("-",FALSE,$D90,$J90,$K90) -> J3490141--I6825354 | D90: J3490141 | E90: JAVIER | F90: URRUTIA | G90: SAN JUAN | H90: 01240 | I90: SIN DEFINIR (01240) | K90: I6825354 | L90: 00931 | N90: IÑIGO | P90: SANCHEZ | R90: VICENTE | U90: 22
A91: =INDEX('Correg (V1)'!$B:$B,MATCH($C91,'Correg (V1)'!$B:$B,0),1) -> J3577552-J3577552- | B91: =INDEX('Nueva (V11)'!$B:$B,MATCH($C91,'Nueva (V11)'!$B:$B,0),1) -> #N/A | C91: =_xlfn.TEXTJOIN("-",FALSE,$D91,$J91,$K91) -> J3577552-J3577552- | D91: J3577552 | E91: JOSE ANTONIO | F91: DEL BARRIO | G91: GIMENEZ | H91: 04159 | I91: PRODUCCIÓN (04159) | J91: J3577552 | L91: 002162 | M91: JOSE ANTONIO | O91: DEL BARRIO | Q91: GIMENEZ | U91: 71
A92: =INDEX('Correg (V1)'!$B:$B,MATCH($C92,'Correg (V1)'!$B:$B,0),1) -> J4045964-J4045964- | B92: =INDEX('Nueva (V11)'!$B:$B,MATCH($C92,'Nueva (V11)'!$B:$B,0),1) -> J4045964-J4045964- | C92: =_xlfn.TEXTJOIN("-",FALSE,$D92,$J92,$K92) -> J4045964-J4045964- | D92: J4045964 | E92: JAVIER | F92: ASENSIO | G92: DE VEGA | H92: 00547 | I92: DIRECTOR LOGÍSTICA (00547) | J92: J4045964 | L92: 000599 | M92: JAVIER | O92: ASENSIO | Q92: DE VEGA | U92: 05
A93: =INDEX('Correg (V1)'!$B:$B,MATCH($C93,'Correg (V1)'!$B:$B,0),1) -> J4236790-J4236790- | B93: =INDEX('Nueva (V11)'!$B:$B,MATCH($C93,'Nueva (V11)'!$B:$B,0),1) -> J4236790-J4236790- | C93: =_xlfn.TEXTJOIN("-",FALSE,$D93,$J93,$K93) -> J4236790-J4236790- | D93: J4236790 | E93: JUAN AGUSTIN | F93: SANTAMARIA | G93: MORENO | H93: 01090 | I93: PRODUCCIÓN (01090) | J93: J4236790 | L93: 002141 | M93: JUAN AGUSTIN | O93: SANTAMARIA | Q93: MORENO | U93: 71
A94: =INDEX('Correg (V1)'!$B:$B,MATCH($C94,'Correg (V1)'!$B:$B,0),1) -> J4386477-J4386477- | B94: =INDEX('Nueva (V11)'!$B:$B,MATCH($C94,'Nueva (V11)'!$B:$B,0),1) -> #N/A | C94: =_xlfn.TEXTJOIN("-",FALSE,$D94,$J94,$K94) -> J4386477-J4386477- | D94: J4386477 | E94: JOSE LUIS | F94: MORILLA | G94: JIMENEZ | H94: 03416 | I94: PRODUCCIÓN (03416) | J94: J4386477 | L94: 139362 | M94: JOSE LUIS | O94: MORILLA | Q94: JIMENEZ | U94: 58
A95: =INDEX('Correg (V1)'!$B:$B,MATCH($C95,'Correg (V1)'!$B:$B,0),1) -> J4844769-ASDV0023- | B95: =INDEX('Nueva (V11)'!$B:$B,MATCH($C95,'Nueva (V11)'!$B:$B,0),1) -> J4844769-ASDV0023- | C95: =_xlfn.TEXTJOIN("-",FALSE,$D95,$J95,$K95) -> J4844769-ASDV0023- | D95: J4844769 | E95: JORDI | F95: SERRA | G95: BOSCH | H95: 02064 | I95: DIRECTOR REGIONAL DE VENTAS (02064) | J95: ASDV0023 | L95: 000853 | M95: Nombre12 | O95: Apellido12 | U95: 58
A96: =INDEX('Correg (V1)'!$B:$B,MATCH($C96,'Correg (V1)'!$B:$B,0),1) -> #N/A | B96: =INDEX('Nueva (V11)'!$B:$B,MATCH($C96,'Nueva (V11)'!$B:$B,0),1) -> #N/A | C96: =_xlfn.TEXTJOIN("-",FALSE,$D96,$J96,$K96) -> J4844769-ASFG0023- | D96: J4844769 | E96: JORDI | F96: SERRA | G96: BOSCH | H96: 02064 | I96: DIRECTOR REGIONAL DE VENTAS (02064) | J96: ASFG0023 | L96: 000853 | M96: Nombre12 | O96: Apellido12 | U96: 58
A97: =INDEX('Correg (V1)'!$B:$B,MATCH($C97,'Correg (V1)'!$B:$B,0),1) -> J4844769-J4844769- | B97: =INDEX('Nueva (V11)'!$B:$B,MATCH($C97,'Nueva (V11)'!$B:$B,0),1) -> J4844769-J4844769- | C97: =_xlfn.TEXTJOIN("-",FALSE,$D97,$J97,$K97) -> J4844769-J4844769- | D97: J4844769 | E97: JORDI | F97: SERRA | G97: BOSCH | H97: 02064 | I97: DIRECTOR REGIONAL DE VENTAS (02064) | J97: J4844769 | L97: 000853 | M97: JORDI | O97: SERRA | Q97: BOSCH | U97: 58
A98: =INDEX('Correg (V1)'!$B:$B,MATCH($C98,'Correg (V1)'!$B:$B,0),1) -> #N/A | B98: =INDEX('Nueva (V11)'!$B:$B,MATCH($C98,'Nueva (V11)'!$B:$B,0),1) -> #N/A | C98: =_xlfn.TEXTJOIN("-",FALSE,$D98,$J98,$K98) -> J4844769-SGID0009- | D98: J4844769 | E98: JORDI | F98: SERRA | G98: BOSCH | H98: 02064 | I98: DIRECTOR REGIONAL DE VENTAS (02064) | J98: SGID0009 | L98: 000853 | M98: Nombre12 | O98: Apellido12 | U98: 58
A99: =INDEX('Correg (V1)'!$B:$B,MATCH($C99,'Correg (V1)'!$B:$B,0),1) -> J4844769-SGID1234- | B99: =INDEX('Nueva (V11)'!$B:$B,MATCH($C99,'Nueva (V11)'!$B:$B,0),1) -> J4844769-SGID1234- | C99: =_xlfn.TEXTJOIN("-",FALSE,$D99,$J99,$K99) -> J4844769-SGID1234- | D99: J4844769 | E99: JORDI | F99: SERRA | G99: BOSCH | H99: 02064 | I99: DIRECTOR REGIONAL DE VENTAS (02064) | J99: SGID1234 | L99: 000853 | M99: Nombre12 | O99: Apellido12 | U99: 58
A100: =INDEX('Correg (V1)'!$B:$B,MATCH($C100,'Correg (V1)'!$B:$B,0),1) -> J4844769-SGID1234- | B100: =INDEX('Nueva (V11)'!$B:$B,MATCH($C100,'Nueva (V11)'!$B:$B,0),1) -> J4844769-SGID1234- | C100: =_xlfn.TEXTJOIN("-",FALSE,$D100,$J100,$K100) -> J4844769-SGID1234- | D100: J4844769 | E100: JORDI | F100: SERRA | G100: BOSCH | H100: 02064 | I100: DIRECTOR REGIONAL DE VENTAS (02064) | J100: SGID1234 | L100: 000853 | M100: nombre | O100: apellido | U100: 58
...

Sheet Nueva (V11)
A1: Coinciden con V1_BCK | C1: SGID | D1: Nombre | E1: Primer apellido | F1: Segundo apellido | G1: Unidad Org | H1: Nombre Unidad org | I1: SGID Resp Pos | J1: SGID Resp HR | K1: Unidad Org | L1: Nombre Resp Pos | M1: Nombre Resp HR | N1: Primer apellido Resp Pos | O1: Primer apellido Resp HR | P1: Segundo apellido Resp Pos | Q1: Segundo apellido Resp HR | R1: Record Type | S1: Box Sequence | T1: Empresa
A2: =INDEX('Orig (V1_BCK)'!$C:$C,MATCH($B2,'Orig (V1_BCK)'!$C:$C,0),1) -> A0702288-A0702288- | B2: =_xlfn.TEXTJOIN("-",FALSE,$C2,$I2,$J2) -> A0702288-A0702288- | C2: A0702288 | D2: AITOR | E2: SANTIBAÑEZ | F2: RODRIGUEZ | G2: 01244 | H2: PRODUCCIÓN (01244) | I2: A0702288 | K2: 139250 | L2: AITOR | N2: SANTIBAÑEZ | P2: RODRIGUEZ | T2: 58
A3: =INDEX('Orig (V1_BCK)'!$C:$C,MATCH($B3,'Orig (V1_BCK)'!$C:$C,0),1) -> A1692880-A1692880- | B3: =_xlfn.TEXTJOIN("-",FALSE,$C3,$I3,$J3) -> A1692880-A1692880- | C3: A1692880 | D3: ANTONIO | E3: CORRALES | F3: PULIDO | G3: 01275 | H3: PRODUCCIÓN (01275) | I3: A1692880 | K3: 003175 | L3: ANTONIO | N3: CORRALES | P3: PULIDO | T3: 2G
A4: =INDEX('Orig (V1_BCK)'!$C:$C,MATCH($B4,'Orig (V1_BCK)'!$C:$C,0),1) -> A1975872--J2161690 | B4: =_xlfn.TEXTJOIN("-",FALSE,$C4,$I4,$J4) -> A1975872--J2161690 | C4: A1975872 | D4: ANGEL | E4: GONZALEZ | F4: DIAZ | G4: 00618 | H4: 00868 (COMPRADOR LOCAL) | J4: J2161690 | K4: 00868 | M4: JUAN CARLOS | O4: RODRIGUEZ | Q4: ARMESTO | T4: 05
A5: =INDEX('Orig (V1_BCK)'!$C:$C,MATCH($B5,'Orig (V1_BCK)'!$C:$C,0),1) -> A2422013-A2422013- | B5: =_xlfn.TEXTJOIN("-",FALSE,$C5,$I5,$J5) -> A2422013-A2422013- | C5: A2422013 | D5: ALVARO | E5: BARRIO | F5: DELGADO | G5: 01180 | H5: JEFE DE ÁREA (01180) | I5: A2422013 | K5: 002283 | L5: ALVARO | N5: BARRIO | P5: DELGADO | T5: 22
A6: =INDEX('Orig (V1_BCK)'!$C:$C,MATCH($B6,'Orig (V1_BCK)'!$C:$C,0),1) -> A3167958-A3167958- | B6: =_xlfn.TEXTJOIN("-",FALSE,$C6,$I6,$J6) -> A3167958-A3167958- | C6: A3167958 | D6: ANTONIO | E6: MORAL | F6: PEREZ | G6: 01730 | H6: JEFE DE ÁREA (01730) | I6: A3167958 | K6: 001778 | L6: ANTONIO | N6: MORAL | P6: PEREZ | T6: 22
A7: =INDEX('Orig (V1_BCK)'!$C:$C,MATCH($B7,'Orig (V1_BCK)'!$C:$C,0),1) -> A3258905-A3258905- | B7: =_xlfn.TEXTJOIN("-",FALSE,$C7,$I7,$J7) -> A3258905-A3258905- | C7: A3258905 | D7: ANGEL | E7: MARCILLA | F7: BASTIDA | G7: 02402 | H7: RESPONSABLE SERV FABRICACIÓN (02402) | I7: A3258905 | K7: 000601 | L7: ANGEL | N7: MARCILLA | P7: BASTIDA | T7: 05
A8: =INDEX('Orig (V1_BCK)'!$C:$C,MATCH($B8,'Orig (V1_BCK)'!$C:$C,0),1) -> A3417212-A3417212- | B8: =_xlfn.TEXTJOIN("-",FALSE,$C8,$I8,$J8) -> A3417212-A3417212- | C8: A3417212 | D8: ALBERTO | E8: MARTINEZ | F8: DE PABLO | G8: 02437 | H8: RESPONSABLE LOGÍSTICA (02437) | I8: A3417212 | K8: 000701 | L8: ALBERTO | N8: MARTINEZ | P8: DE PABLO | T8: 05
A9: =INDEX('Orig (V1_BCK)'!$C:$C,MATCH($B9,'Orig (V1_BCK)'!$C:$C,0),1) -> A3485213-A3485213- | B9: =_xlfn.TEXTJOIN("-",FALSE,$C9,$I9,$J9) -> A3485213-A3485213- | C9: A3485213 | D9: AGUSTIN | E9: SUBIAS | F9: LIERTA | G9: 01589 | H9: PRODUCCIÓN (01589) | I9: A3485213 | K9: 139256 | L9: AGUSTIN | N9: SUBIAS | P9: LIERTA | T9: 58
A10: =INDEX('Orig (V1_BCK)'!$C:$C,MATCH($B10,'Orig (V1_BCK)'!$C:$C,0),1) -> A4544160--Y3223618 | B10: =_xlfn.TEXTJOIN("-",FALSE,$C10,$I10,$J10) -> A4544160--Y3223618 | C10: A4544160 | D10: ANTONIO | E10: TRUJILLO | F10: HELD | G10: 02480 | H10: 02480 | J10: Y3223618 | K10: 02655 | M10: YOLANDA | O10: PERALTA | Q10: ROSALEN | T10: 22
A11: =INDEX('Orig (V1_BCK)'!$C:$C,MATCH($B11,'Orig (V1_BCK)'!$C:$C,0),1) -> #N/A | B11: =_xlfn.TEXTJOIN("-",FALSE,$C11,$I11,$J11) -> A4598195-- | C11: A4598195 | D11: ALFREDO | E11: VILLA | F11: CELDRAN | G11: 02018 | H11: PRODUCCIÓN (02018) | K11: 001429 | T11: 05
A12: =INDEX('Orig (V1_BCK)'!$C:$C,MATCH($B12,'Orig (V1_BCK)'!$C:$C,0),1) -> #N/A | B12: =_xlfn.TEXTJOIN("-",FALSE,$C12,$I12,$J12) -> A5205505-- | C12: A5205505 | D12: ANTONIO JESUS | E12: MUÑOZ | F12: DEL ARCO | G12: 001048 | H12: MD SG PAM SPAIN & PORTUGAL | K12: 001864 | T12: 1J
A13: =INDEX('Orig (V1_BCK)'!$C:$C,MATCH($B13,'Orig (V1_BCK)'!$C:$C,0),1) -> #N/A | B13: =_xlfn.TEXTJOIN("-",FALSE,$C13,$I13,$J13) -> A5336853-- | C13: A5336853 | D13: ANTONIO | E13: PONSODA | F13: REINA | G13: 00242 | H13: PRODUCCIÓN (00242) | K13: 001685 | T13: 2G
A14: =INDEX('Orig (V1_BCK)'!$C:$C,MATCH($B14,'Orig (V1_BCK)'!$C:$C,0),1) -> #N/A | B14: =_xlfn.TEXTJOIN("-",FALSE,$C14,$I14,$J14) -> A6363564-J0041893- | C14: A6363564 | D14: ANA ISABEL | E14: LEON | F14: CASTAÑO | G14: 000077 | H14: LEGAL DIRECTOR& REAL ESTATE MANAGER | I14: J0041893 | K14: 002483 | L14: JEAN LUC | N14: GARDAZ | P14: . | T14: 1J
A15: =INDEX('Orig (V1_BCK)'!$C:$C,MATCH($B15,'Orig (V1_BCK)'!$C:$C,0),1) -> #N/A | B15: =_xlfn.TEXTJOIN("-",FALSE,$C15,$I15,$J15) -> A6363564-J0041893- | C15: A6363564 | D15: ANA ISABEL | E15: LEON | F15: CASTAÑO | G15: 002664 | H15: PURCHASING DIRECTOR E-P-M-A-I-G | I15: J0041893 | K15: 002483 | L15: JEAN LUC | N15: GARDAZ | P15: . | T15: 1J
A16: =INDEX('Orig (V1_BCK)'!$C:$C,MATCH($B16,'Orig (V1_BCK)'!$C:$C,0),1) -> #N/A | B16: =_xlfn.TEXTJOIN("-",FALSE,$C16,$I16,$J16) -> A6363564-J0041893- | C16: A6363564 | D16: ANA ISABEL | E16: LEON | F16: CASTAÑO | G16: 002850 | H16: HRD SPAIN, PORTUGAL, MOROCCO & ALGERIA | I16: J0041893 | K16: 002483 | L16: JEAN LUC | N16: GARDAZ | P16: . | T16: 1J
A17: =INDEX('Orig (V1_BCK)'!$C:$C,MATCH($B17,'Orig (V1_BCK)'!$C:$C,0),1) -> #N/A | B17: =_xlfn.TEXTJOIN("-",FALSE,$C17,$I17,$J17) -> A6363564-J0041893- | C17: A6363564 | D17: ANA ISABEL | E17: LEON | F17: CASTAÑO | G17: 003263 | H17: CFO SPAIN PORTUGAL & MOROCCO | I17: J0041893 | K17: 002483 | L17: JEAN LUC | N17: GARDAZ | P17: . | T17: 1J
A18: =INDEX('Orig (V1_BCK)'!$C:$C,MATCH($B18,'Orig (V1_BCK)'!$C:$C,0),1) -> A6653585-A6653585- | B18: =_xlfn.TEXTJOIN("-",FALSE,$C18,$I18,$J18) -> A6653585-A6653585- | C18: A6653585 | D18: ANTONIO | E18: LUNA | F18: LIBRERO | G18: 01662 | H18: DIRECTOR DE FÁBRICA (01662) | I18: A6653585 | K18: 000950 | L18: ANTONIO | N18: LUNA | P18: LIBRERO | T18: 58
A19: =INDEX('Orig (V1_BCK)'!$C:$C,MATCH($B19,'Orig (V1_BCK)'!$C:$C,0),1) -> A6687307--R3817235 | B19: =_xlfn.TEXTJOIN("-",FALSE,$C19,$I19,$J19) -> A6687307--R3817235 | C19: A6687307 | D19: ANTONIO | E19: MONTES | F19: SANCHEZ | G19: 02834 | H19: DIRECTOR LOGÍSTICA (02834) | J19: R3817235 | K19: 01362 | M19: RAUL GASPAR | O19: MONTAÑES | Q19: TORRENT | T19: 22
A20: =INDEX('Orig (V1_BCK)'!$C:$C,MATCH($B20,'Orig (V1_BCK)'!$C:$C,0),1) -> A7005471--J6399199 | B20: =_xlfn.TEXTJOIN("-",FALSE,$C20,$I20,$J20) -> A7005471--J6399199 | C20: A7005471 | D20: ANA MARTA | E20: SANCHEZ | F20: FERNANDEZ | G20: 01883 | H20: SIN DEFINIR (01700) | J20: J6399199 | K20: 01878 | M20: JORDI | O20: ESTELLERS | Q20: CASTELLVI | T20: 22
A21: =INDEX('Orig (V1_BCK)'!$C:$C,MATCH($B21,'Orig (V1_BCK)'!$C:$C,0),1) -> A8353376--M3569866 | B21: =_xlfn.TEXTJOIN("-",FALSE,$C21,$I21,$J21) -> A8353376--M3569866 | C21: A8353376 | D21: AGUSTIN | E21: ESCOBAR | F21: SERRANO | G21: 00045 | H21: PRODUCCIÓN (00045) | J21: M3569866 | K21: 03546 | M21: MIRIAM | O21: SIERRA | Q21: RODRIGUEZ | T21: 58
A22: =INDEX('Orig (V1_BCK)'!$C:$C,MATCH($B22,'Orig (V1_BCK)'!$C:$C,0),1) -> A9859396--J6399199 | B22: =_xlfn.TEXTJOIN("-",FALSE,$C22,$I22,$J22) -> A9859396--J6399199 | C22: A9859396 | D22: ANA ISABEL | E22: MITJAVILA | F22: ESCUDERO | G22: 02641 | H22: SIN DEFINIR (02641) | J22: J6399199 | K22: 01878 | M22: JORDI | O22: ESTELLERS | Q22: CASTELLVI | T22: 22
A23: =INDEX('Orig (V1_BCK)'!$C:$C,MATCH($B23,'Orig (V1_BCK)'!$C:$C,0),1) -> #N/A | B23: =_xlfn.TEXTJOIN("-",FALSE,$C23,$I23,$J23) -> B9324934-- | C23: B9324934 | D23: BLANCA | E23: MARTIN | F23: GONZALEZ | G23: 001138 | H23: MD SG AUTOVER ESPAÑA | K23: 001863 | T23: 76
A24: =INDEX('Orig (V1_BCK)'!$C:$C,MATCH($B24,'Orig (V1_BCK)'!$C:$C,0),1) -> C0100439-C0100439- | B24: =_xlfn.TEXTJOIN("-",FALSE,$C24,$I24,$J24) -> C0100439-C0100439- | C24: C0100439 | D24: CESAR | E24: RAMOS | F24: MORAN | G24: 00599 | H24: PRODUCCIÓN (00599) | I24: C0100439 | K24: 003225 | L24: CESAR | N24: RAMOS | P24: MORAN | T24: 2G
A25: =INDEX('Orig (V1_BCK)'!$C:$C,MATCH($B25,'Orig (V1_BCK)'!$C:$C,0),1) -> #N/A | B25: =_xlfn.TEXTJOIN("-",FALSE,$C25,$I25,$J25) -> C3084002-J5768651- | C25: C3084002 | D25: CRISTINA | E25: PALOMARES | F25: MARTIN | G25: 000584 | H25: AVILES PLANT MANAGER SGS | I25: J5768651 | K25: 000006 | L25: JOSE ANTONIO | N25: PIQUERAS | P25: DIAZ PERONA | T25: 1J
A26: =INDEX('Orig (V1_BCK)'!$C:$C,MATCH($B26,'Orig (V1_BCK)'!$C:$C,0),1) -> #N/A | B26: =_xlfn.TEXTJOIN("-",FALSE,$C26,$I26,$J26) -> C6644203-J5768651- | C26: C6644203 | D26: CARMEN | E26: PEREZ | F26: FERNANDEZ-CABALLERO | G26: 000586 | H26: ARBOS PLANT MANAGER SGS & DEVISA MGR | I26: J5768651 | K26: 000006 | L26: JOSE ANTONIO | N26: PIQUERAS | P26: DIAZ PERONA | T26: 1J
A27: =INDEX('Orig (V1_BCK)'!$C:$C,MATCH($B27,'Orig (V1_BCK)'!$C:$C,0),1) -> C7169588-C7169588- | B27: =_xlfn.TEXTJOIN("-",FALSE,$C27,$I27,$J27) -> C7169588-C7169588- | C27: C7169588 | D27: CARLOS | E27: RODRIGUEZ | F27: GARCIA | G27: 02771 | H27: JEFE VENTAS - OPERACIÓN DISTR (02771) | I27: C7169588 | K27: 003972 | L27: CARLOS | N27: RODRIGUEZ | P27: GARCIA | T27: 62
A28: =INDEX('Orig (V1_BCK)'!$C:$C,MATCH($B28,'Orig (V1_BCK)'!$C:$C,0),1) -> C9446654--J6399199 | B28: =_xlfn.TEXTJOIN("-",FALSE,$C28,$I28,$J28) -> C9446654--J6399199 | C28: C9446654 | D28: CHRISTIAN FRANC | E28: ESCUDERO | F28: DOMENECH | G28: 02283 | H28: SIN DEFINIR (02283) | J28: J6399199 | K28: 01878 | M28: JORDI | O28: ESTELLERS | Q28: CASTELLVI | T28: 22
A29: =INDEX('Orig (V1_BCK)'!$C:$C,MATCH($B29,'Orig (V1_BCK)'!$C:$C,0),1) -> C9612177-C9612177- | B29: =_xlfn.TEXTJOIN("-",FALSE,$C29,$I29,$J29) -> C9612177-C9612177- | C29: C9612177 | D29: CARLOS | E29: BRIS | F29: CABRERIZO | G29: 00159 | H29: RESPONSABLE MANTENIMIENTO (00159) | I29: C9612177 | K29: 002363 | L29: CARLOS | N29: BRIS | P29: CABRERIZO | T29: 2G
A30: =INDEX('Orig (V1_BCK)'!$C:$C,MATCH($B30,'Orig (V1_BCK)'!$C:$C,0),1) -> D0530111-D0530111- | B30: =_xlfn.TEXTJOIN("-",FALSE,$C30,$I30,$J30) -> D0530111-D0530111- | C30: D0530111 | D30: DAVID | E30: DE BENITO | F30: MIGUEL | G30: 00362 | H30: LOGÍSTICA (00362) | I30: D0530111 | K30: 141171 | L30: DAVID | N30: DE BENITO | P30: MIGUEL | T30: 71
A31: =INDEX('Orig (V1_BCK)'!$C:$C,MATCH($B31,'Orig (V1_BCK)'!$C:$C,0),1) -> #N/A | B31: =_xlfn.TEXTJOIN("-",FALSE,$C31,$I31,$J31) -> D3115430-B4939781- | C31: D3115430 | D31: DAVID | E31: SILGADO | F31: MORENA | G31: 001804 | H31: CUSTOMER SERV.&PRICING ANALYSIS MGR UPSTREAM BG SP | I31: B4939781 | K31: 001798 | L31: BEATRIZ | N31: SIRVENT | P31: LUNA | T31: 27
A32: =INDEX('Orig (V1_BCK)'!$C:$C,MATCH($B32,'Orig (V1_BCK)'!$C:$C,0),1) -> D5004487--A3575764 | B32: =_xlfn.TEXTJOIN("-",FALSE,$C32,$I32,$J32) -> D5004487--A3575764 | C32: D5004487 | D32: DAVID | E32: LARROSA | F32: CANO | G32: 01562 | H32: 01562 | J32: A3575764 | K32: 03363 | M32: ANTONIO | O32: VENDRELL | Q32: VENDRELL | T32: 22
A33: =INDEX('Orig (V1_BCK)'!$C:$C,MATCH($B33,'Orig (V1_BCK)'!$C:$C,0),1) -> D6725163--J5549918 | B33: =_xlfn.TEXTJOIN("-",FALSE,$C33,$I33,$J33) -> D6725163--J5549918 | C33: D6725163 | D33: DAVID | E33: OLIVAR | F33: DOMINGUEZ | G33: 00550 | H33: 00935 (JEFE VENTAS - OPERACIÓN DISTR) | J33: J5549918 | K33: 00935 | M33: JAVIER | O33: MUÑIZ | Q33: MIGUELEZ | T33: 22
A34: =INDEX('Orig (V1_BCK)'!$C:$C,MATCH($B34,'Orig (V1_BCK)'!$C:$C,0),1) -> D8102953--A3167958 | B34: =_xlfn.TEXTJOIN("-",FALSE,$C34,$I34,$J34) -> D8102953--A3167958 | C34: D8102953 | D34: DANIEL | E34: GALAN | F34: AGUNDEZ | G34: 01681 | H34: 01681 | J34: A3167958 | K34: 01730 | M34: ANTONIO | O34: MORAL | Q34: PEREZ | T34: 22
A35: =INDEX('Orig (V1_BCK)'!$C:$C,MATCH($B35,'Orig (V1_BCK)'!$C:$C,0),1) -> D8399181-D8399181- | B35: =_xlfn.TEXTJOIN("-",FALSE,$C35,$I35,$J35) -> D8399181-D8399181- | C35: D8399181 | D35: DAVID | E35: DEL AMO | F35: BRAVO | G35: 01299 | H35: RESPONSABLE MANTENIMIENTO (01299) | I35: D8399181 | K35: 004290 | L35: DAVID | N35: DEL AMO | P35: BRAVO | T35: 58
A36: =INDEX('Orig (V1_BCK)'!$C:$C,MATCH($B36,'Orig (V1_BCK)'!$C:$C,0),1) -> E3234664--J2543295 | B36: =_xlfn.TEXTJOIN("-",FALSE,$C36,$I36,$J36) -> E3234664--J2543295 | C36: E3234664 | D36: ESTHER | E36: PRAT | F36: GIL | G36: 02673 | H36: DIRECTOR I+D (02673) | J36: J2543295 | K36: 03523 | M36: JORGE VICENTE | O36: RIUS | Q36: PUIG | T36: 83
A37: =INDEX('Orig (V1_BCK)'!$C:$C,MATCH($B37,'Orig (V1_BCK)'!$C:$C,0),1) -> #N/A | B37: =_xlfn.TEXTJOIN("-",FALSE,$C37,$I37,$J37) -> E3965521-J0041893- | C37: E3965521 | D37: EVA MARIA | E37: MARTINEZ | F37: ESLAVA | G37: 002846 | H37: MD SG PLACO & SG ISOVER & SG TRANSFORMADOS SPAIN | I37: J0041893 | K37: 002483 | L37: JEAN LUC | N37: GARDAZ | P37: . | T37: 58
A38: =INDEX('Orig (V1_BCK)'!$C:$C,MATCH($B38,'Orig (V1_BCK)'!$C:$C,0),1) -> #N/A | B38: =_xlfn.TEXTJOIN("-",FALSE,$C38,$I38,$J38) -> E8315205-A5895481- | C38: E8315205 | D38: ESTEFANIA | E38: FERNANDEZ | F38: BLANCO | G38: 000446 | H38: PLANT MANAGER AZUQUECA ISOVER | I38: A5895481 | K38: 002297 | L38: ANTONIO JOAQUIN | N38: RAMOS | P38: RAMOS | T38: 2G
A39: =INDEX('Orig (V1_BCK)'!$C:$C,MATCH($B39,'Orig (V1_BCK)'!$C:$C,0),1) -> F1158861-F1158861- | B39: =_xlfn.TEXTJOIN("-",FALSE,$C39,$I39,$J39) -> F1158861-F1158861- | C39: F1158861 | D39: FERNANDO | E39: GARCIA | F39: UBEDA | G39: 02577 | H39: PRODUCCIÓN (02577) | I39: F1158861 | K39: 148862 | L39: FERNANDO | N39: GARCIA | P39: UBEDA | T39: 58
A40: =INDEX('Orig (V1_BCK)'!$C:$C,MATCH($B40,'Orig (V1_BCK)'!$C:$C,0),1) -> F5049139-F5049139- | B40: =_xlfn.TEXTJOIN("-",FALSE,$C40,$I40,$J40) -> F5049139-F5049139- | C40: F5049139 | D40: FRANCISCO JAVIER | E40: DEL RIO | F40: ZAMANILLO | G40: 00580 | H40: RESPONSABLE SERV FABRICACIÓN (00580) | I40: F5049139 | K40: 001216 | L40: FRANCISCO JAVIER | N40: DEL RIO | P40: ZAMANILLO | T40: 05
A41: =INDEX('Orig (V1_BCK)'!$C:$C,MATCH($B41,'Orig (V1_BCK)'!$C:$C,0),1) -> F5762639--M1155913 | B41: =_xlfn.TEXTJOIN("-",FALSE,$C41,$I41,$J41) -> F5762639--M1155913 | C41: F5762639 | D41: FERRAN | E41: DEULOFEU | F41: VERGES | G41: 02411 | H41: 02411 | J41: M1155913 | K41: 02394 | M41: MIRIAM | O41: PUIG | Q41: AGUSTI | T41: 22
A42: =INDEX('Orig (V1_BCK)'!$C:$C,MATCH($B42,'Orig (V1_BCK)'!$C:$C,0),1) -> F6446981--A3167958 | B42: =_xlfn.TEXTJOIN("-",FALSE,$C42,$I42,$J42) -> F6446981--A3167958 | C42: F6446981 | D42: FRANCISCO JOSE | E42: NAVARRO | F42: CEBRIAN | G42: 01466 | H42: SIN DEFINIR (01466) | J42: A3167958 | K42: 01730 | M42: ANTONIO | O42: MORAL | Q42: PEREZ | T42: 22
A43: =INDEX('Orig (V1_BCK)'!$C:$C,MATCH($B43,'Orig (V1_BCK)'!$C:$C,0),1) -> F7796330--B2149319 | B43: =_xlfn.TEXTJOIN("-",FALSE,$C43,$I43,$J43) -> F7796330--B2149319 | C43: F7796330 | D43: FRANCISCO JAVIER | E43: BRAVO | F43: SARO | G43: 01040 | H43: PRODUCCIÓN (01040) | J43: B2149319 | K43: 04142 | M43: BEGOÑA | O43: RUIZ | Q43: LABRADOR | T43: 71
A44: =INDEX('Orig (V1_BCK)'!$C:$C,MATCH($B44,'Orig (V1_BCK)'!$C:$C,0),1) -> F8146290-F8146290- | B44: =_xlfn.TEXTJOIN("-",FALSE,$C44,$I44,$J44) -> F8146290-F8146290- | C44: F8146290 | D44: FRANCISCO JAVIER | E44: HERNANDEZ | F44: OLIVER | G44: 00106 | H44: LOGÍSTICA (00106) | I44: F8146290 | K44: 141727 | L44: FRANCISCO JAVIER | N44: HERNANDEZ | P44: OLIVER | T44: 58
A45: =INDEX('Orig (V1_BCK)'!$C:$C,MATCH($B45,'Orig (V1_BCK)'!$C:$C,0),1) -> F9009293-F9009293- | B45: =_xlfn.TEXTJOIN("-",FALSE,$C45,$I45,$J45) -> F9009293-F9009293- | C45: F9009293 | D45: FERNANDO | E45: MARTINEZ | F45: BENITO | G45: 00145 | H45: PRODUCCIÓN (00145) | I45: F9009293 | K45: 001601 | L45: FERNANDO | N45: MARTINEZ | P45: BENITO | T45: 2G
A46: =INDEX('Orig (V1_BCK)'!$C:$C,MATCH($B46,'Orig (V1_BCK)'!$C:$C,0),1) -> F9876087-F9876087- | B46: =_xlfn.TEXTJOIN("-",FALSE,$C46,$I46,$J46) -> F9876087-F9876087- | C46: F9876087 | D46: FERNANDO | E46: BOUTHELIER | F46: MORATO | G46: 01700 | H46: SIN DEFINIR (01700) | I46: F9876087 | K46: 004288 | L46: FERNANDO | N46: BOUTHELIER | P46: MORATO | T46: 58
A47: =INDEX('Orig (V1_BCK)'!$C:$C,MATCH($B47,'Orig (V1_BCK)'!$C:$C,0),1) -> G0003988-G0003988- | B47: =_xlfn.TEXTJOIN("-",FALSE,$C47,$I47,$J47) -> G0003988-G0003988- | C47: G0003988 | D47: GONZALO | E47: SANCHEZ | F47: TERREN | G47: 01613 | H47: DIRECTOR DE FÁBRICA (01613) | I47: G0003988 | K47: 000881 | L47: GONZALO | N47: SANCHEZ | P47: TERREN | T47: 58
A48: =INDEX('Orig (V1_BCK)'!$C:$C,MATCH($B48,'Orig (V1_BCK)'!$C:$C,0),1) -> G0003988-J9873482- | B48: =_xlfn.TEXTJOIN("-",FALSE,$C48,$I48,$J48) -> G0003988-J9873482- | C48: G0003988 | D48: GONZALO | E48: SANCHEZ | F48: TERREN | G48: 01613 | H48: DIRECTOR DE FÁBRICA (01613) | I48: J9873482 | K48: 000881 | L48: JOSE ANGEL | N48: LOPEZ | P48: GURRUCHAGA | T48: 58
A49: =INDEX('Orig (V1_BCK)'!$C:$C,MATCH($B49,'Orig (V1_BCK)'!$C:$C,0),1) -> G1309777-G1309777- | B49: =_xlfn.TEXTJOIN("-",FALSE,$C49,$I49,$J49) -> G1309777-G1309777- | C49: G1309777 | D49: GUSTAVO | E49: HERRANZ | F49: BARAHONA | G49: 00236 | H49: PRODUCCIÓN (00236) | I49: G1309777 | K49: 003199 | L49: GUSTAVO | N49: HERRANZ | P49: BARAHONA | T49: 2G
A50: =INDEX('Orig (V1_BCK)'!$C:$C,MATCH($B50,'Orig (V1_BCK)'!$C:$C,0),1) -> G2953728--I7600760 | B50: =_xlfn.TEXTJOIN("-",FALSE,$C50,$I50,$J50) -> G2953728--I7600760 | C50: G2953728 | D50: GENOVEVA | E50: PUJOL | F50: VILARO | G50: 02335 | H50: OPERACIONES DISTRIBUCIÓN (02335) | J50: I7600760 | K50: 02425 | M50: ISMAEL | O50: CIVIT | Q50: NOGUES | T50: 22
A51: =INDEX('Orig (V1_BCK)'!$C:$C,MATCH($B51,'Orig (V1_BCK)'!$C:$C,0),1) -> G3229318--J2543295 | B51: =_xlfn.TEXTJOIN("-",FALSE,$C51,$I51,$J51) -> G3229318--J2543295 | C51: G3229318 | D51: GREGORIO | E51: LASIERRA | F51: LAPLANA | G51: 01945 | H51: DIRECTOR INDUSTRIAL (01945) | J51: J2543295 | K51: 03523 | M51: JORGE VICENTE | O51: RIUS | Q51: PUIG | T51: 83
A52: =INDEX('Orig (V1_BCK)'!$C:$C,MATCH($B52,'Orig (V1_BCK)'!$C:$C,0),1) -> G9554789-G9554789- | B52: =_xlfn.TEXTJOIN("-",FALSE,$C52,$I52,$J52) -> G9554789-G9554789- | C52: G9554789 | D52: GREGORIO | E52: SERRANO | F52: PLAZA | G52: 01039 | H52: PRODUCCIÓN (01039) | I52: G9554789 | K52: 002087 | L52: GREGORIO | N52: SERRANO | P52: PLAZA | T52: 71
A53: =INDEX('Orig (V1_BCK)'!$C:$C,MATCH($B53,'Orig (V1_BCK)'!$C:$C,0),1) -> H7461208--E3066917 | B53: =_xlfn.TEXTJOIN("-",FALSE,$C53,$I53,$J53) -> H7461208--E3066917 | C53: H7461208 | D53: HIGINIO | E53: RUFANGES | F53: ZORITA | G53: 02600 | H53: SIN DEFINIR (02552) | J53: E3066917 | K53: 00947 | M53: EDUARDO | O53: ALONSO | Q53: MARTINEZ | T53: 58
A54: =INDEX('Orig (V1_BCK)'!$C:$C,MATCH($B54,'Orig (V1_BCK)'!$C:$C,0),1) -> I1096541-I1096541- | B54: =_xlfn.TEXTJOIN("-",FALSE,$C54,$I54,$J54) -> I1096541-I1096541- | C54: I1096541 | D54: IGNACIO | E54: HERCE | F54: ADALID | G54: 01229 | H54: PRODUCCIÓN (01229) | I54: I1096541 | K54: 139331 | L54: IGNACIO | N54: HERCE | P54: ADALID | T54: 58
A55: =INDEX('Orig (V1_BCK)'!$C:$C,MATCH($B55,'Orig (V1_BCK)'!$C:$C,0),1) -> #N/A | B55: =_xlfn.TEXTJOIN("-",FALSE,$C55,$I55,$J55) -> I3493455-- | C55: I3493455 | D55: INMACULADA | E55: SAEZ | F55: RENUNCIO | G55: 000030 | H55: MD SG ADFORS | K55: 001863 | T55: 37
A56: =INDEX('Orig (V1_BCK)'!$C:$C,MATCH($B56,'Orig (V1_BCK)'!$C:$C,0),1) -> I6567006--J1842217 | B56: =_xlfn.TEXTJOIN("-",FALSE,$C56,$I56,$J56) -> I6567006--J1842217 | C56: I6567006 | D56: INES | E56: MALLEN | F56: MONTAÑES | G56: 01438 | H56: OPERACIONES DISTRIBUCIÓN (01438) | J56: J1842217 | K56: 01317 | M56: JUAN CARLOS | O56: ARRIBAS | Q56: RIAGUAS | T56: 22
A57: =INDEX('Orig (V1_BCK)'!$C:$C,MATCH($B57,'Orig (V1_BCK)'!$C:$C,0),1) -> I6825354-I6825354- | B57: =_xlfn.TEXTJOIN("-",FALSE,$C57,$I57,$J57) -> I6825354-I6825354- | C57: I6825354 | D57: IÑIGO | E57: SANCHEZ | F57: VICENTE | G57: 00931 | H57: JEFE VENTAS - OPERACIÓN DISTR (00931) | I57: I6825354 | K57: 002870 | L57: IÑIGO | N57: SANCHEZ | P57: VICENTE | T57: 22
A58: =INDEX('Orig (V1_BCK)'!$C:$C,MATCH($B58,'Orig (V1_BCK)'!$C:$C,0),1) -> I7600760-I7600760- | B58: =_xlfn.TEXTJOIN("-",FALSE,$C58,$I58,$J58) -> I7600760-I7600760- | C58: I7600760 | D58: ISMAEL | E58: CIVIT | F58: NOGUES | G58: 02425 | H58: JEFE DE ÁREA (02425) | I58: I7600760 | K58: 003119 | L58: ISMAEL | N58: CIVIT | P58: NOGUES | T58: 22
A59: =INDEX('Orig (V1_BCK)'!$C:$C,MATCH($B59,'Orig (V1_BCK)'!$C:$C,0),1) -> I8301604-I8301604- | B59: =_xlfn.TEXTJOIN("-",FALSE,$C59,$I59,$J59) -> I8301604-I8301604- | C59: I8301604 | D59: IVAN | E59: FERNANDEZ | F59: RODRIGUEZ | G59: 00248 | H59: VENTAS (02022) | I59: I8301604 | K59: 003404 | L59: IVAN | N59: FERNANDEZ | P59: RODRIGUEZ | T59: 2G
A60: =INDEX('Orig (V1_BCK)'!$C:$C,MATCH($B60,'Orig (V1_BCK)'!$C:$C,0),1) -> I9027151-I9027151- | B60: =_xlfn.TEXTJOIN("-",FALSE,$C60,$I60,$J60) -> I9027151-I9027151- | C60: I9027151 | D60: IVAN | E60: LUCIO | F60: VICENTE | G60: 00856 | H60: VENTAS (00856) | I60: I9027151 | K60: 002350 | L60: IVAN | N60: LUCIO | P60: VICENTE | T60: 05
A61: =INDEX('Orig (V1_BCK)'!$C:$C,MATCH($B61,'Orig (V1_BCK)'!$C:$C,0),1) -> J0469011--A4621755 | B61: =_xlfn.TEXTJOIN("-",FALSE,$C61,$I61,$J61) -> J0469011--A4621755 | C61: J0469011 | D61: JOSE MANUEL | E61: DOMINGUEZ | F61: MARTINEZ | G61: 01716 | H61: VENTAS (02655) | J61: A4621755 | K61: 03238 | M61: ALBERTO | O61: PUAGO | Q61: CRESPO | T61: 58
A62: =INDEX('Orig (V1_BCK)'!$C:$C,MATCH($B62,'Orig (V1_BCK)'!$C:$C,0),1) -> J0717255--I6567006 | B62: =_xlfn.TEXTJOIN("-",FALSE,$C62,$I62,$J62) -> J0717255--I6567006 | C62: J0717255 | D62: JUAN ANTONIO | E62: SALES | F62: GIL | G62: 01363 | H62: 01438 (LOGÍSTICA) | J62: I6567006 | K62: 01438 | M62: INES | O62: MALLEN | Q62: MONTAÑES | T62: 22
A63: =INDEX('Orig (V1_BCK)'!$C:$C,MATCH($B63,'Orig (V1_BCK)'!$C:$C,0),1) -> J1776207-J1776207- | B63: =_xlfn.TEXTJOIN("-",FALSE,$C63,$I63,$J63) -> J1776207-J1776207- | C63: J1776207 | D63: JAVIER | E63: SARABIA | F63: MONTES | G63: 00950 | H63: VENTAS (01466) | I63: J1776207 | K63: 002636 | L63: JAVIER | N63: SARABIA | P63: MONTES | T63: 71
A64: =INDEX('Orig (V1_BCK)'!$C:$C,MATCH($B64,'Orig (V1_BCK)'!$C:$C,0),1) -> J1842217-J1842217- | B64: =_xlfn.TEXTJOIN("-",FALSE,$C64,$I64,$J64) -> J1842217-J1842217- | C64: J1842217 | D64: JUAN CARLOS | E64: ARRIBAS | F64: RIAGUAS | G64: 01317 | H64: SIN DEFINIR (04668) | I64: J1842217 | K64: 001416 | L64: JUAN CARLOS | N64: ARRIBAS | P64: RIAGUAS | T64: 22
A65: =INDEX('Orig (V1_BCK)'!$C:$C,MATCH($B65,'Orig (V1_BCK)'!$C:$C,0),1) -> J2161690-J2161690- | B65: =_xlfn.TEXTJOIN("-",FALSE,$C65,$I65,$J65) -> J2161690-J2161690- | C65: J2161690 | D65: JUAN CARLOS | E65: RODRIGUEZ | F65: ARMESTO | G65: 00868 | H65: OPERACIONES DISTRIBUCIÓN (04403) | I65: J2161690 | K65: 001683 | L65: JUAN CARLOS | N65: RODRIGUEZ | P65: ARMESTO | T65: 05
A66: =INDEX('Orig (V1_BCK)'!$C:$C,MATCH($B66,'Orig (V1_BCK)'!$C:$C,0),1) -> J2702276--J7231919 | B66: =_xlfn.TEXTJOIN("-",FALSE,$C66,$I66,$J66) -> J2702276--J7231919 | C66: J2702276 | D66: JUAN RAMON | E66: SANCHEZ | F66: FERRANDIS | G66: 01576 | H66: VENTAS (01576) | J66: J7231919 | K66: 01948 | M66: JAVIER | O66: MENDEZ | Q66: ESTEBAN | T66: 83
A67: =INDEX('Orig (V1_BCK)'!$C:$C,MATCH($B67,'Orig (V1_BCK)'!$C:$C,0),1) -> J2778182--V9086179 | B67: =_xlfn.TEXTJOIN("-",FALSE,$C67,$I67,$J67) -> J2778182--V9086179 | C67: J2778182 | D67: JOSE | E67: MORENO | F67: MORA | G67: 01629 | H67: 03059 (LOGÍSTICA) | J67: V9086179 | K67: 03059 | M67: VICTOR MANUEL | O67: LOPEZ | Q67: CABRERA | T67: 22
A68: =INDEX('Orig (V1_BCK)'!$C:$C,MATCH($B68,'Orig (V1_BCK)'!$C:$C,0),1) -> #N/A | B68: =_xlfn.TEXTJOIN("-",FALSE,$C68,$I68,$J68) -> J3003048-B4939781- | C68: J3003048 | D68: JOSE MARIA | E68: CUSIDO | F68: BALLESTEROS | G68: 001804 | H68: CUSTOMER SERV.&PRICING ANALYSIS MGR UPSTREAM BG SP | I68: B4939781 | K68: 001798 | L68: BEATRIZ | N68: SIRVENT | P68: LUNA | T68: 2G
A69: =INDEX('Orig (V1_BCK)'!$C:$C,MATCH($B69,'Orig (V1_BCK)'!$C:$C,0),1) -> J3490141--I6825354 | B69: =_xlfn.TEXTJOIN("-",FALSE,$C69,$I69,$J69) -> J3490141--I6825354 | C69: J3490141 | D69: JAVIER | E69: URRUTIA | F69: SAN JUAN | G69: 01240 | H69: SIN DEFINIR (01240) | J69: I6825354 | K69: 00931 | M69: IÑIGO | O69: SANCHEZ | Q69: VICENTE | T69: 22
A70: =INDEX('Orig (V1_BCK)'!$C:$C,MATCH($B70,'Orig (V1_BCK)'!$C:$C,0),1) -> J4045964-J4045964- | B70: =_xlfn.TEXTJOIN("-",FALSE,$C70,$I70,$J70) -> J4045964-J4045964- | C70: J4045964 | D70: JAVIER | E70: ASENSIO | F70: DE VEGA | G70: 00547 | H70: DIRECTOR LOGÍSTICA (00547) | I70: J4045964 | K70: 000599 | L70: JAVIER | N70: ASENSIO | P70: DE VEGA | T70: 05
A71: =INDEX('Orig (V1_BCK)'!$C:$C,MATCH($B71,'Orig (V1_BCK)'!$C:$C,0),1) -> J4236790-J4236790- | B71: =_xlfn.TEXTJOIN("-",FALSE,$C71,$I71,$J71) -> J4236790-J4236790- | C71: J4236790 | D71: JUAN AGUSTIN | E71: SANTAMARIA | F71: MORENO | G71: 01090 | H71: PRODUCCIÓN (01090) | I71: J4236790 | K71: 002141 | L71: JUAN AGUSTIN | N71: SANTAMARIA | P71: MORENO | T71: 71
A72: =INDEX('Orig (V1_BCK)'!$C:$C,MATCH($B72,'Orig (V1_BCK)'!$C:$C,0),1) -> J4844769-ASDV0023- | B72: =_xlfn.TEXTJOIN("-",FALSE,$C72,$I72,$J72) -> J4844769-ASDV0023- | C72: J4844769 | D72: JORDI | E72: SERRA | F72: BOSCH | G72: 02064 | H72: DIRECTOR REGIONAL DE VENTAS (02064) | I72: ASDV0023 | K72: 000853 | L72: Nombre12 | N72: Apellido12 | T72: 58
A73: =INDEX('Orig (V1_BCK)'!$C:$C,MATCH($B73,'Orig (V1_BCK)'!$C:$C,0),1) -> J4844769-J4844769- | B73: =_xlfn.TEXTJOIN("-",FALSE,$C73,$I73,$J73) -> J4844769-J4844769- | C73: J4844769 | D73: JORDI | E73: SERRA | F73: BOSCH | G73: 02064 | H73: DIRECTOR REGIONAL DE VENTAS (02064) | I73: J4844769 | K73: 000853 | L73: JORDI | N73: SERRA | P73: BOSCH | T73: 58
A74: =INDEX('Orig (V1_BCK)'!$C:$C,MATCH($B74,'Orig (V1_BCK)'!$C:$C,0),1) -> J4844769-SGID1234- | B74: =_xlfn.TEXTJOIN("-",FALSE,$C74,$I74,$J74) -> J4844769-SGID1234- | C74: J4844769 | D74: JORDI | E74: SERRA | F74: BOSCH | G74: 02064 | H74: DIRECTOR REGIONAL DE VENTAS (02064) | I74: SGID1234 | K74: 000853 | L74: nombre | N74: apellido | T74: 58
A75: =INDEX('Orig (V1_BCK)'!$C:$C,MATCH($B75,'Orig (V1_BCK)'!$C:$C,0),1) -> J4844769-SS012345- | B75: =_xlfn.TEXTJOIN("-",FALSE,$C75,$I75,$J75) -> J4844769-SS012345- | C75: J4844769 | D75: JORDI | E75: SERRA | F75: BOSCH | G75: 02064 | H75: DIRECTOR REGIONAL DE VENTAS (02064) | I75: SS012345 | K75: 000853 | L75: Nombre | N75: Apellido | P75: Segapellido | T75: 58
A76: =INDEX('Orig (V1_BCK)'!$C:$C,MATCH($B76,'Orig (V1_BCK)'!$C:$C,0),1) -> J4844769-SS012388- | B76: =_xlfn.TEXTJOIN("-",FALSE,$C76,$I76,$J76) -> J4844769-SS012388- | C76: J4844769 | D76: JORDI | E76: SERRA | F76: BOSCH | G76: 02064 | H76: DIRECTOR REGIONAL DE VENTAS (02064) | I76: SS012388 | K76: 000853 | L76: NombreSS | N76: ApellidoAS | P76: SegapellidoD | T76: 58
A77: =INDEX('Orig (V1_BCK)'!$C:$C,MATCH($B77,'Orig (V1_BCK)'!$C:$C,0),1) -> #N/A | B77: =_xlfn.TEXTJOIN("-",FALSE,$C77,$I77,$J77) -> J5037045-- | C77: J5037045 | D77: JULIA | E77: URABAYEN | F77: MARTINEZ | G77: 000013 | H77: MD ABRAS EPM & SPAIN SALES D. DIY, AAM & BM | K77: 001863 | T77: 52
A78: =INDEX('Orig (V1_BCK)'!$C:$C,MATCH($B78,'Orig (V1_BCK)'!$C:$C,0),1) -> #N/A | B78: =_xlfn.TEXTJOIN("-",FALSE,$C78,$I78,$J78) -> J5198324-- | C78: J5198324 | D78: JAVIER | E78: FERNANDEZ | F78: CRISTOBAL | G78: 004322 | H78: RESP. TALENT, TRAINING & DEVELOP. GLASS & GLASSOLU | K78: 004321 | T78: 05
A79: =INDEX('Orig (V1_BCK)'!$C:$C,MATCH($B79,'Orig (V1_BCK)'!$C:$C,0),1) -> J5391663-J5391663- | B79: =_xlfn.TEXTJOIN("-",FALSE,$C79,$I79,$J79) -> J5391663-J5391663- | C79: J5391663 | D79: JESUS | E79: ORTEGO | F79: MATE | G79: 02333 | H79: SIN DEFINIR (03265) | I79: J5391663 | K79: 137516 | L79: JESUS | N79: ORTEGO | P79: MATE | T79: 58
A80: =INDEX('Orig (V1_BCK)'!$C:$C,MATCH($B80,'Orig (V1_BCK)'!$C:$C,0),1) -> J5549918-J5549918- | B80: =_xlfn.TEXTJOIN("-",FALSE,$C80,$I80,$J80) -> J5549918-J5549918- | C80: J5549918 | D80: JAVIER | E80: MUÑIZ | F80: MIGUELEZ | G80: 00935 | H80: JEFE VENTAS - OPERACIÓN DISTR (00935) | I80: J5549918 | K80: 002869 | L80: JAVIER | N80: MUÑIZ | P80: MIGUELEZ | T80: 22
A81: =INDEX('Orig (V1_BCK)'!$C:$C,MATCH($B81,'Orig (V1_BCK)'!$C:$C,0),1) -> J5768651-J5768651- | B81: =_xlfn.TEXTJOIN("-",FALSE,$C81,$I81,$J81) -> J5768651-J5768651- | C81: J5768651 | D81: JOSE ANTONIO | E81: PIQUERAS | F81: DIAZ PERONA | G81: 01526 | H81: DIRECTOR DE DIVISIÓN (01526) | I81: J5768651 | K81: 000572 | L81: JOSE ANTONIO | N81: PIQUERAS | P81: DIAZ PERONA | T81: 05
A82: =INDEX('Orig (V1_BCK)'!$C:$C,MATCH($B82,'Orig (V1_BCK)'!$C:$C,0),1) -> J6007668--M4581480 | B82: =_xlfn.TEXTJOIN("-",FALSE,$C82,$I82,$J82) -> J6007668--M4581480 | C82: J6007668 | D82: JESUS | E82: BEDIA | F82: DE LA MAZA | G82: 01055 | H82: PRODUCCIÓN (01055) | J82: M4581480 | K82: 04165 | M82: MIGUEL | O82: CAGIGAS | Q82: DIAZ | T82: 71
A83: =INDEX('Orig (V1_BCK)'!$C:$C,MATCH($B83,'Orig (V1_BCK)'!$C:$C,0),1) -> #N/A | B83: =_xlfn.TEXTJOIN("-",FALSE,$C83,$I83,$J83) -> J6139155-- | C83: J6139155 | D83: JONATAN | E83: GERVASO | F83: GARVIN | G83: 00088 | H83: PRODUCCIÓN (00088) | K83: 004319 | T83: 58
A84: =INDEX('Orig (V1_BCK)'!$C:$C,MATCH($B84,'Orig (V1_BCK)'!$C:$C,0),1) -> J6185390--J5549918 | B84: =_xlfn.TEXTJOIN("-",FALSE,$C84,$I84,$J84) -> J6185390--J5549918 | C84: J6185390 | D84: JOSE MANUEL | E84: ABAD | F84: MORANDEIRA | G84: 01806 | H84: OPERACIONES DISTRIBUCIÓN (01806) | J84: J5549918 | K84: 00935 | M84: JAVIER | O84: MUÑIZ | Q84: MIGUELEZ | T84: 22
A85: =INDEX('Orig (V1_BCK)'!$C:$C,MATCH($B85,'Orig (V1_BCK)'!$C:$C,0),1) -> J6399199-J6399199- | B85: =_xlfn.TEXTJOIN("-",FALSE,$C85,$I85,$J85) -> J6399199-J6399199- | C85: J6399199 | D85: JORDI | E85: ESTELLERS | F85: CASTELLVI | G85: 01878 | H85: SIN DEFINIR (00131) | I85: J6399199 | K85: 002868 | L85: JORDI | N85: ESTELLERS | P85: CASTELLVI | T85: 22
A86: =INDEX('Orig (V1_BCK)'!$C:$C,MATCH($B86,'Orig (V1_BCK)'!$C:$C,0),1) -> J6982916--F6446981 | B86: =_xlfn.TEXTJOIN("-",FALSE,$C86,$I86,$J86) -> J6982916--F6446981 | C86: J6982916 | D86: JOSE | E86: BARRIONUEVO | F86: GRIMALDOS | G86: 01524 | H86: 01524 | J86: F6446981 | K86: 01466 | M86: FRANCISCO JOSE | O86: NAVARRO | Q86: CEBRIAN | T86: 22
A87: =INDEX('Orig (V1_BCK)'!$C:$C,MATCH($B87,'Orig (V1_BCK)'!$C:$C,0),1) -> J7053949-J7053949- | B87: =_xlfn.TEXTJOIN("-",FALSE,$C87,$I87,$J87) -> J7053949-J7053949- | C87: J7053949 | D87: JUAN MANUEL | E87: FLORANES | F87: JIMENEZ | G87: 01084 | H87: PRODUCCIÓN (01084) | I87: J7053949 | K87: 144090 | L87: JUAN MANUEL | N87: FLORANES | P87: JIMENEZ | T87: 71
A88: =INDEX('Orig (V1_BCK)'!$C:$C,MATCH($B88,'Orig (V1_BCK)'!$C:$C,0),1) -> J7436091--J5406220 | B88: =_xlfn.TEXTJOIN("-",FALSE,$C88,$I88,$J88) -> J7436091--J5406220 | C88: J7436091 | D88: JOSE | E88: CASTAÑO | F88: GARCIA | G88: 00920 | H88: LOGÍSTICA (00920) | J88: J5406220 | K88: 03347 | M88: JUAN ANTONIO | O88: RAMOS | Q88: GOMEZ | T88: 22
A89: =INDEX('Orig (V1_BCK)'!$C:$C,MATCH($B89,'Orig (V1_BCK)'!$C:$C,0),1) -> J8092275-J8092275- | B89: =_xlfn.TEXTJOIN("-",FALSE,$C89,$I89,$J89) -> J8092275-J8092275- | C89: J8092275 | D89: JUAN | E89: MURCIANO | F89: DEL BUSTO | G89: 00773 | H89: PRODUCCIÓN (00773) | I89: J8092275 | K89: 001824 | L89: JUAN | N89: MURCIANO | P89: DEL BUSTO | T89: 05
A90: =INDEX('Orig (V1_BCK)'!$C:$C,MATCH($B90,'Orig (V1_BCK)'!$C:$C,0),1) -> J8152481-J8152481- | B90: =_xlfn.TEXTJOIN("-",FALSE,$C90,$I90,$J90) -> J8152481-J8152481- | C90: J8152481 | D90: JAVIER | E90: ALVAREZ | F90: MARTINEZ | G90: 01551 | H90: PRODUCCIÓN (01551) | I90: J8152481 | K90: 139186 | L90: JAVIER | N90: ALVAREZ | P90: MARTINEZ | T90: 58
A91: =INDEX('Orig (V1_BCK)'!$C:$C,MATCH($B91,'Orig (V1_BCK)'!$C:$C,0),1) -> J8542026-J8542026- | B91: =_xlfn.TEXTJOIN("-",FALSE,$C91,$I91,$J91) -> J8542026-J8542026- | C91: J8542026 | D91: JUAN | E91: JIMENEZ | F91: MORAL | G91: 01081 | H91: PRODUCCIÓN (01081) | I91: J8542026 | K91: 002100 | L91: JUAN | N91: JIMENEZ | P91: MORAL | T91: 71
A92: =INDEX('Orig (V1_BCK)'!$C:$C,MATCH($B92,'Orig (V1_BCK)'!$C:$C,0),1) -> J9138648-J9138648- | B92: =_xlfn.TEXTJOIN("-",FALSE,$C92,$I92,$J92) -> J9138648-J9138648- | C92: J9138648 | D92: JOSE MARIA | E92: GUTIERREZ | F92: MATEO | G92: 01594 | H92: SIN DEFINIR (01700) | I92: J9138648 | K92: 002359 | L92: JOSE MARIA | N92: GUTIERREZ | P92: MATEO | T92: 58
A93: =INDEX('Orig (V1_BCK)'!$C:$C,MATCH($B93,'Orig (V1_BCK)'!$C:$C,0),1) -> J9286163-J9286163- | B93: =_xlfn.TEXTJOIN("-",FALSE,$C93,$I93,$J93) -> J9286163-J9286163- | C93: J9286163 | D93: JOAQUIN | E93: SAÑUDO | F93: CABRERO | G93: 01124 | H93: PRODUCCIÓN (01124) | I93: J9286163 | K93: 002103 | L93: JOAQUIN | N93: SAÑUDO | P93: CABRERO | T93: 71
A94: =INDEX('Orig (V1_BCK)'!$C:$C,MATCH($B94,'Orig (V1_BCK)'!$C:$C,0),1) -> J9341213--J2543295 | B94: =_xlfn.TEXTJOIN("-",FALSE,$C94,$I94,$J94) -> J9341213--J2543295 | C94: J9341213 | D94: JESUS | E94: SOLSONA | F94: GALLEGO | G94: 02040 | H94: DIRECTOR DE MARKETING (02040) | J94: J2543295 | K94: 03523 | M94: JORGE VICENTE | O94: RIUS | Q94: PUIG | T94: 83
A95: =INDEX('Orig (V1_BCK)'!$C:$C,MATCH($B95,'Orig (V1_BCK)'!$C:$C,0),1) -> J9366757-J9366757- | B95: =_xlfn.TEXTJOIN("-",FALSE,$C95,$I95,$J95) -> J9366757-J9366757- | C95: J9366757 | D95: JESUS | E95: CUESTA | F95: SAÑUDO | G95: 01060 | H95: LOGÍSTICA (01060) | I95: J9366757 | K95: 141185 | L95: JESUS | N95: CUESTA | P95: SAÑUDO | T95: 71
A96: =INDEX('Orig (V1_BCK)'!$C:$C,MATCH($B96,'Orig (V1_BCK)'!$C:$C,0),1) -> J9529977--C9446654 | B96: =_xlfn.TEXTJOIN("-",FALSE,$C96,$I96,$J96) -> J9529977--C9446654 | C96: J9529977 | D96: JUAN CARLOS | E96: CABALLERO | F96: GUTIERREZ | G96: 02188 | H96: 02188 | J96: C9446654 | K96: 02283 | M96: CHRISTIAN FRANC | O96: ESCUDERO | Q96: DOMENECH | T96: 22
A97: =INDEX('Orig (V1_BCK)'!$C:$C,MATCH($B97,'Orig (V1_BCK)'!$C:$C,0),1) -> J9571630--J7446134 | B97: =_xlfn.TEXTJOIN("-",FALSE,$C97,$I97,$J97) -> J9571630--J7446134 | C97: J9571630 | D97: JOSE LUIS | E97: DELGADO | F97: DIEZ | G97: 01991 | H97: VENTAS (01991) | J97: J7446134 | K97: 02338 | M97: JOSE ANTONIO | O97: MOLERO | Q97: GONZALEZ | T97: 83
A98: =INDEX('Orig (V1_BCK)'!$C:$C,MATCH($B98,'Orig (V1_BCK)'!$C:$C,0),1) -> J9593148-J9593148- | B98: =_xlfn.TEXTJOIN("-",FALSE,$C98,$I98,$J98) -> J9593148-J9593148- | C98: J9593148 | D98: JOSEBA KOLDO | E98: BILBAO | F98: SANCHEZ | G98: 01485 | H98: DIRECTOR REGIONAL DE VENTAS (01485) | I98: J9593148 | K98: 000855 | L98: JOSEBA KOLDO | N98: BILBAO | P98: SANCHEZ | T98: 58
A99: =INDEX('Orig (V1_BCK)'!$C:$C,MATCH($B99,'Orig (V1_BCK)'!$C:$C,0),1) -> J9593148-SGID0009- | B99: =_xlfn.TEXTJOIN("-",FALSE,$C99,$I99,$J99) -> J9593148-SGID0009- | C99: J9593148 | D99: JOSEBA KOLDO | E99: BILBAO | F99: SANCHEZ | G99: 01485 | H99: DIRECTOR REGIONAL DE VENTAS (01485) | I99: SGID0009 | K99: 000855 | L99: Nombre12 | N99: Apellido12 | T99: 58
A100: =INDEX('Orig (V1_BCK)'!$C:$C,MATCH($B100,'Orig (V1_BCK)'!$C:$C,0),1) -> J9593148-SGID1234- | B100: =_xlfn.TEXTJOIN("-",FALSE,$C100,$I100,$J100) -> J9593148-SGID1234- | C100: J9593148 | D100: JOSEBA KOLDO | E100: BILBAO | F100: SANCHEZ | G100: 01485 | H100: DIRECTOR REGIONAL DE VENTAS (01485) | I100: SGID1234 | K100: 000855 | L100: Nombre12 | N100: Apellido12 | T100: 58
...

Sheet Correg (V1)
A1: Coinciden con V1_BCK | C1: SGID | D1: Nombre | E1: Primer apellido | F1: Segundo apellido | G1: Unidad Org | H1: Nombre Unidad org | I1: SGID Resp Pos | J1: SGID Resp HR | K1: Unidad Org | L1: Nombre Resp Pos | M1: Nombre Resp HR | N1: Primer apellido Resp Pos | O1: Primer apellido Resp HR | P1: Segundo apellido Resp Pos | Q1: Segundo apellido Resp HR | R1: Record Type | S1: Box Sequence | T1: Empresa
A2: =INDEX('Orig (V1_BCK)'!$C:$C,MATCH($B2,'Orig (V1_BCK)'!$C:$C,0),1) -> A0702288-A0702288- | B2: =_xlfn.TEXTJOIN("-",FALSE,$C2,$I2,$J2) -> A0702288-A0702288- | C2: A0702288 | D2: AITOR | E2: SANTIBAÑEZ | F2: RODRIGUEZ | G2: 01244 | H2: PRODUCCIÓN (01244) | I2: A0702288 | K2: 139250 | L2: AITOR | N2: SANTIBAÑEZ | P2: RODRIGUEZ | T2: 58
A3: =INDEX('Orig (V1_BCK)'!$C:$C,MATCH($B3,'Orig (V1_BCK)'!$C:$C,0),1) -> #N/A | B3: =_xlfn.TEXTJOIN("-",FALSE,$C3,$I3,$J3) -> A0766752-- | C3: A0766752 | D3: ANDRES JUAN | E3: MORENO | F3: DE CAYEUX DE SENARPONT | G3: 03589 | H3: DIRECTOR ADM Y FINANCIERO (03589) | K3: PEND | T3: 1C
A4: =INDEX('Orig (V1_BCK)'!$C:$C,MATCH($B4,'Orig (V1_BCK)'!$C:$C,0),1) -> #N/A | B4: =_xlfn.TEXTJOIN("-",FALSE,$C4,$I4,$J4) -> A0835861-- | C4: A0835861 | D4: ALEJANDRO | E4: FERNANDEZ | F4: SUAREZ | G4: 03797 | H4: RESPONSABLE SERV FABRICACIÓN (03797) | K4: PEND | T4: 05
A5: =INDEX('Orig (V1_BCK)'!$C:$C,MATCH($B5,'Orig (V1_BCK)'!$C:$C,0),1) -> A1137670--G3229318 | B5: =_xlfn.TEXTJOIN("-",FALSE,$C5,$I5,$J5) -> A1137670--G3229318 | C5: A1137670 | D5: ANTONIO | E5: MARTINEZ | F5: ESCOLAR | G5: 03035 | H5: VENTAS (02283) | J5: G3229318 | K5: 01945 | M5: GREGORIO | O5: LASIERRA | Q5: LAPLANA | T5: 83
A6: =INDEX('Orig (V1_BCK)'!$C:$C,MATCH($B6,'Orig (V1_BCK)'!$C:$C,0),1) -> #N/A | B6: =_xlfn.TEXTJOIN("-",FALSE,$C6,$I6,$J6) -> A1203204-- | C6: A1203204 | D6: AICHA | E6: CHARLOT | F6: FARES | G6: 03017 | H6: JEFE VENTAS - OPERACIÓN DISTR (03017) | K6: PEND | T6: 62
A7: =INDEX('Orig (V1_BCK)'!$C:$C,MATCH($B7,'Orig (V1_BCK)'!$C:$C,0),1) -> A1692880-A1692880- | B7: =_xlfn.TEXTJOIN("-",FALSE,$C7,$I7,$J7) -> A1692880-A1692880- | C7: A1692880 | D7: ANTONIO | E7: CORRALES | F7: PULIDO | G7: 01275 | H7: PRODUCCIÓN (01275) | I7: A1692880 | K7: 003175 | L7: ANTONIO | N7: CORRALES | P7: PULIDO | T7: 2G
A8: =INDEX('Orig (V1_BCK)'!$C:$C,MATCH($B8,'Orig (V1_BCK)'!$C:$C,0),1) -> A1778775--I7600760 | B8: =_xlfn.TEXTJOIN("-",FALSE,$C8,$I8,$J8) -> A1778775--I7600760 | C8: A1778775 | D8: ANTONIO | E8: GALVEZ | F8: GONZALEZ | G8: 04609 | H8: 04609 | J8: I7600760 | K8: 02425 | M8: ISMAEL | O8: CIVIT | Q8: NOGUES | T8: 22
A9: =INDEX('Orig (V1_BCK)'!$C:$C,MATCH($B9,'Orig (V1_BCK)'!$C:$C,0),1) -> #N/A | B9: =_xlfn.TEXTJOIN("-",FALSE,$C9,$I9,$J9) -> A1894700-- | C9: A1894700 | D9: AFRICA | E9: ADAN | F9: ALONSO | G9: 03619 | H9: JEFE VENTAS - OPERACIÓN DISTR (03619) | K9: PEND | T9: 76
A10: =INDEX('Orig (V1_BCK)'!$C:$C,MATCH($B10,'Orig (V1_BCK)'!$C:$C,0),1) -> A1975872--J2161690 | B10: =_xlfn.TEXTJOIN("-",FALSE,$C10,$I10,$J10) -> A1975872--J2161690 | C10: A1975872 | D10: ANGEL | E10: GONZALEZ | F10: DIAZ | G10: 00618 | H10: 00868 (COMPRADOR LOCAL) | J10: J2161690 | K10: 00868 | M10: JUAN CARLOS | O10: RODRIGUEZ | Q10: ARMESTO | T10: 05
A11: =INDEX('Orig (V1_BCK)'!$C:$C,MATCH($B11,'Orig (V1_BCK)'!$C:$C,0),1) -> A2056971-A2056971- | B11: =_xlfn.TEXTJOIN("-",FALSE,$C11,$I11,$J11) -> A2056971-A2056971- | C11: A2056971 | D11: ALBERTO | E11: ANTON | F11: ESCRIBANO | G11: 04309 | H11: PRODUCCIÓN (04309) | I11: A2056971 | K11: 145420 | L11: ALBERTO | N11: ANTON | P11: ESCRIBANO | T11: 58
A12: =INDEX('Orig (V1_BCK)'!$C:$C,MATCH($B12,'Orig (V1_BCK)'!$C:$C,0),1) -> A2422013-A2422013- | B12: =_xlfn.TEXTJOIN("-",FALSE,$C12,$I12,$J12) -> A2422013-A2422013- | C12: A2422013 | D12: ALVARO | E12: BARRIO | F12: DELGADO | G12: 01180 | H12: JEFE DE ÁREA (01180) | I12: A2422013 | K12: 002283 | L12: ALVARO | N12: BARRIO | P12: DELGADO | T12: 22
A13: =INDEX('Orig (V1_BCK)'!$C:$C,MATCH($B13,'Orig (V1_BCK)'!$C:$C,0),1) -> A3127479-A3127479- | B13: =_xlfn.TEXTJOIN("-",FALSE,$C13,$I13,$J13) -> A3127479-A3127479- | C13: A3127479 | D13: ALBERTO | E13: MARTINEZ | F13: CARRAL | G13: 04199 | H13: PRODUCCIÓN (04199) | I13: A3127479 | K13: 002123 | L13: ALBERTO | N13: MARTINEZ | P13: CARRAL | T13: 71
A14: =INDEX('Orig (V1_BCK)'!$C:$C,MATCH($B14,'Orig (V1_BCK)'!$C:$C,0),1) -> #N/A | B14: =_xlfn.TEXTJOIN("-",FALSE,$C14,$I14,$J14) -> A3134550-- | C14: A3134550 | D14: ANGEL IGNACIO | E14: ARMENDARIZ | F14: VIGUERA | G14: 01239 | H14: SIN DEFINIR (01239) | K14: PEND | T14: 74
A15: =INDEX('Orig (V1_BCK)'!$C:$C,MATCH($B15,'Orig (V1_BCK)'!$C:$C,0),1) -> A3167958-A3167958- | B15: =_xlfn.TEXTJOIN("-",FALSE,$C15,$I15,$J15) -> A3167958-A3167958- | C15: A3167958 | D15: ANTONIO | E15: MORAL | F15: PEREZ | G15: 01730 | H15: JEFE DE ÁREA (01730) | I15: A3167958 | K15: 001778 | L15: ANTONIO | N15: MORAL | P15: PEREZ | T15: 22
A16: =INDEX('Orig (V1_BCK)'!$C:$C,MATCH($B16,'Orig (V1_BCK)'!$C:$C,0),1) -> A3258905-A3258905- | B16: =_xlfn.TEXTJOIN("-",FALSE,$C16,$I16,$J16) -> A3258905-A3258905- | C16: A3258905 | D16: ANGEL | E16: MARCILLA | F16: BASTIDA | G16: 02402 | H16: RESPONSABLE SERV FABRICACIÓN (02402) | I16: A3258905 | K16: 000601 | L16: ANGEL | N16: MARCILLA | P16: BASTIDA | T16: 05
A17: =INDEX('Orig (V1_BCK)'!$C:$C,MATCH($B17,'Orig (V1_BCK)'!$C:$C,0),1) -> A3284599-A3284599- | B17: =_xlfn.TEXTJOIN("-",FALSE,$C17,$I17,$J17) -> A3284599-A3284599- | C17: A3284599 | D17: ANGELICA | E17: GONZALO | F17: LOPEZ | G17: 03137 | H17: JEFE DE PRODUCTO (03137) | I17: A3284599 | K17: 000861 | L17: ANGELICA | N17: GONZALO | P17: LOPEZ | T17: 58
A18: =INDEX('Orig (V1_BCK)'!$C:$C,MATCH($B18,'Orig (V1_BCK)'!$C:$C,0),1) -> A3417212-A3417212- | B18: =_xlfn.TEXTJOIN("-",FALSE,$C18,$I18,$J18) -> A3417212-A3417212- | C18: A3417212 | D18: ALBERTO | E18: MARTINEZ | F18: DE PABLO | G18: 02437 | H18: RESPONSABLE LOGÍSTICA (02437) | I18: A3417212 | K18: 000701 | L18: ALBERTO | N18: MARTINEZ | P18: DE PABLO | T18: 05
A19: =INDEX('Orig (V1_BCK)'!$C:$C,MATCH($B19,'Orig (V1_BCK)'!$C:$C,0),1) -> A3485213-A3485213- | B19: =_xlfn.TEXTJOIN("-",FALSE,$C19,$I19,$J19) -> A3485213-A3485213- | C19: A3485213 | D19: AGUSTIN | E19: SUBIAS | F19: LIERTA | G19: 01589 | H19: PRODUCCIÓN (01589) | I19: A3485213 | K19: 139256 | L19: AGUSTIN | N19: SUBIAS | P19: LIERTA | T19: 58
A20: =INDEX('Orig (V1_BCK)'!$C:$C,MATCH($B20,'Orig (V1_BCK)'!$C:$C,0),1) -> A3575764--J6399199 | B20: =_xlfn.TEXTJOIN("-",FALSE,$C20,$I20,$J20) -> A3575764--J6399199 | C20: A3575764 | D20: ANTONIO | E20: VENDRELL | F20: VENDRELL | G20: 03363 | H20: SIN DEFINIR (03363) | J20: J6399199 | K20: 01878 | M20: JORDI | O20: ESTELLERS | Q20: CASTELLVI | T20: 22
A21: =INDEX('Orig (V1_BCK)'!$C:$C,MATCH($B21,'Orig (V1_BCK)'!$C:$C,0),1) -> #N/A | B21: =_xlfn.TEXTJOIN("-",FALSE,$C21,$I21,$J21) -> A4034881-- | C21: A4034881 | D21: ANA ISABEL | E21: MARTINEZ | F21: MARTINEZ | G21: 02554 | H21: JEFE VENTAS - OPERACIÓN DISTR (02554) | K21: PEND | T21: 62
A22: =INDEX('Orig (V1_BCK)'!$C:$C,MATCH($B22,'Orig (V1_BCK)'!$C:$C,0),1) -> #N/A | B22: =_xlfn.TEXTJOIN("-",FALSE,$C22,$I22,$J22) -> A4061325-- | C22: A4061325 | D22: AMADOR | E22: SABIO | F22: ORJALES | G22: 01805 | H22: RESPONSABLE DE ESTUDIOS MKG (01805) | K22: PEND | T22: 62
A23: =INDEX('Orig (V1_BCK)'!$C:$C,MATCH($B23,'Orig (V1_BCK)'!$C:$C,0),1) -> A4260911-A4260911- | B23: =_xlfn.TEXTJOIN("-",FALSE,$C23,$I23,$J23) -> A4260911-A4260911- | C23: A4260911 | D23: ADOLFO | E23: SOMOLINOS | F23: OREJON | G23: 03429 | H23: RESPONSABLE DE ESTUDIOS MKG (03429) | I23: A4260911 | K23: 003330 | L23: ADOLFO | N23: SOMOLINOS | P23: OREJON | T23: 58
A24: =INDEX('Orig (V1_BCK)'!$C:$C,MATCH($B24,'Orig (V1_BCK)'!$C:$C,0),1) -> A4544160--Y3223618 | B24: =_xlfn.TEXTJOIN("-",FALSE,$C24,$I24,$J24) -> A4544160--Y3223618 | C24: A4544160 | D24: ANTONIO | E24: TRUJILLO | F24: HELD | G24: 02480 | H24: 02480 | J24: Y3223618 | K24: 02655 | M24: YOLANDA | O24: PERALTA | Q24: ROSALEN | T24: 22
A25: =INDEX('Orig (V1_BCK)'!$C:$C,MATCH($B25,'Orig (V1_BCK)'!$C:$C,0),1) -> #N/A | B25: =_xlfn.TEXTJOIN("-",FALSE,$C25,$I25,$J25) -> A4598195-- | C25: A4598195 | D25: ALFREDO | E25: VILLA | F25: CELDRAN | G25: 02018 | H25: PRODUCCIÓN (02018) | K25: 001429 | T25: 05
A26: =INDEX('Orig (V1_BCK)'!$C:$C,MATCH($B26,'Orig (V1_BCK)'!$C:$C,0),1) -> #N/A | B26: =_xlfn.TEXTJOIN("-",FALSE,$C26,$I26,$J26) -> A4621755-- | C26: A4621755 | D26: ALBERTO | E26: PUAGO | F26: CRESPO | G26: 03238 | H26: WCM MANAGER (03238) | K26: PEND | T26: 58
A27: =INDEX('Orig (V1_BCK)'!$C:$C,MATCH($B27,'Orig (V1_BCK)'!$C:$C,0),1) -> A4769333--J1842217 | B27: =_xlfn.TEXTJOIN("-",FALSE,$C27,$I27,$J27) -> A4769333--J1842217 | C27: A4769333 | D27: ALEJANDRO | E27: RUIZ | F27: DURAN | G27: 03045 | H27: 01317 (JEFE DE ÁREA) | J27: J1842217 | K27: 01317 | M27: JUAN CARLOS | O27: ARRIBAS | Q27: RIAGUAS | T27: 22
A28: =INDEX('Orig (V1_BCK)'!$C:$C,MATCH($B28,'Orig (V1_BCK)'!$C:$C,0),1) -> #N/A | B28: =_xlfn.TEXTJOIN("-",FALSE,$C28,$I28,$J28) -> A5336853-- | C28: A5336853 | D28: ANTONIO | E28: PONSODA | F28: REINA | G28: 00242 | H28: PRODUCCIÓN (00242) | K28: 001685 | T28: 2G
A29: =INDEX('Orig (V1_BCK)'!$C:$C,MATCH($B29,'Orig (V1_BCK)'!$C:$C,0),1) -> A5358571-A5358571- | B29: =_xlfn.TEXTJOIN("-",FALSE,$C29,$I29,$J29) -> A5358571-A5358571- | C29: A5358571 | D29: ADRIAN | E29: PALACIO | F29: BEDIA | G29: 04193 | H29: PRODUCCIÓN (04193) | I29: A5358571 | K29: 002083 | L29: ADRIAN | N29: PALACIO | P29: BEDIA | T29: 71
A30: =INDEX('Orig (V1_BCK)'!$C:$C,MATCH($B30,'Orig (V1_BCK)'!$C:$C,0),1) -> #N/A | B30: =_xlfn.TEXTJOIN("-",FALSE,$C30,$I30,$J30) -> A5549694-- | C30: A5549694 | D30: ALEXANDRA | E30: HERNANDEZ | F30: BLANCO | G30: 01256 | H30: 01256 | K30: PEND | T30: 58
A31: =INDEX('Orig (V1_BCK)'!$C:$C,MATCH($B31,'Orig (V1_BCK)'!$C:$C,0),1) -> A5709653-A5709653- | B31: =_xlfn.TEXTJOIN("-",FALSE,$C31,$I31,$J31) -> A5709653-A5709653- | C31: A5709653 | D31: ANTONIO | E31: OLMO | F31: MELGAR | G31: 03407 | H31: PRODUCCIÓN (03407) | I31: A5709653 | K31: 139187 | L31: ANTONIO | N31: OLMO | P31: MELGAR | T31: 58
A32: =INDEX('Orig (V1_BCK)'!$C:$C,MATCH($B32,'Orig (V1_BCK)'!$C:$C,0),1) -> #N/A | B32: =_xlfn.TEXTJOIN("-",FALSE,$C32,$I32,$J32) -> A5743478-- | C32: A5743478 | D32: AGUSTIN | E32: MENDEZ | F32: LORENZO | G32: 02738 | H32: DTOR.ALMACÉN - OPERACIÓN DISTR (02738) | K32: PEND | T32: 62
A33: =INDEX('Orig (V1_BCK)'!$C:$C,MATCH($B33,'Orig (V1_BCK)'!$C:$C,0),1) -> #N/A | B33: =_xlfn.TEXTJOIN("-",FALSE,$C33,$I33,$J33) -> A5749070-- | C33: A5749070 | D33: AINHOA | E33: MACIA | F33: SUESCUN | G33: 01563 | H33: DIRECTOR DE COMUNICACIONES (01563) | K33: PEND | T33: 1J
A34: =INDEX('Orig (V1_BCK)'!$C:$C,MATCH($B34,'Orig (V1_BCK)'!$C:$C,0),1) -> #N/A | B34: =_xlfn.TEXTJOIN("-",FALSE,$C34,$I34,$J34) -> A5895481-- | C34: A5895481 | D34: ANTONIO JOAQUIN | E34: RAMOS | F34: RAMOS | G34: 01653 | H34: DIRECTOR DE DIVISIÓN (01653) | K34: PEND | T34: 58
A35: =INDEX('Orig (V1_BCK)'!$C:$C,MATCH($B35,'Orig (V1_BCK)'!$C:$C,0),1) -> #N/A | B35: =_xlfn.TEXTJOIN("-",FALSE,$C35,$I35,$J35) -> A6120271-- | C35: A6120271 | D35: ANA ISABEL | E35: PANDIELLA | F35: HEVIA | G35: 03505 | H35: SIN DEFINIR (03505) | K35: PEND | T35: 05
A36: =INDEX('Orig (V1_BCK)'!$C:$C,MATCH($B36,'Orig (V1_BCK)'!$C:$C,0),1) -> #N/A | B36: =_xlfn.TEXTJOIN("-",FALSE,$C36,$I36,$J36) -> A6396628-- | C36: A6396628 | D36: ANTONIO | E36: MADERA | F36: GARCIA | G36: 01622 | H36: MARKETING (01622) | K36: PEND | T36: 15
A37: =INDEX('Orig (V1_BCK)'!$C:$C,MATCH($B37,'Orig (V1_BCK)'!$C:$C,0),1) -> A6553191--F7796330 | B37: =_xlfn.TEXTJOIN("-",FALSE,$C37,$I37,$J37) -> A6553191--F7796330 | C37: A6553191 | D37: ANTONIO M. | E37: DE LA FUENTE | F37: GUTIERREZ | G37: 04219 | H37: PRODUCCIÓN (04219) | J37: F7796330 | K37: 01040 | M37: FRANCISCO JAVIER | O37: BRAVO | Q37: SARO | T37: 71
A38: =INDEX('Orig (V1_BCK)'!$C:$C,MATCH($B38,'Orig (V1_BCK)'!$C:$C,0),1) -> A6556153-A6556153- | B38: =_xlfn.TEXTJOIN("-",FALSE,$C38,$I38,$J38) -> A6556153-A6556153- | C38: A6556153 | D38: ANTONIO MOISES | E38: SANTOS | F38: AVELLANO | G38: 03662 | H38: OPERACIONES DISTRIBUCIÓN (03363) | I38: A6556153 | K38: 002583 | L38: ANTONIO MOISES | N38: SANTOS | P38: AVELLANO | T38: 62
A39: =INDEX('Orig (V1_BCK)'!$C:$C,MATCH($B39,'Orig (V1_BCK)'!$C:$C,0),1) -> #N/A | B39: =_xlfn.TEXTJOIN("-",FALSE,$C39,$I39,$J39) -> A6570134-- | C39: A6570134 | D39: ANTONIO | E39: BASCONES | F39: PARAMIO | G39: 00585 | H39: RESPONSABLE LOGÍSTICA (00585) | K39: PEND | T39: 05
A40: =INDEX('Orig (V1_BCK)'!$C:$C,MATCH($B40,'Orig (V1_BCK)'!$C:$C,0),1) -> A6653585-A6653585- | B40: =_xlfn.TEXTJOIN("-",FALSE,$C40,$I40,$J40) -> A6653585-A6653585- | C40: A6653585 | D40: ANTONIO | E40: LUNA | F40: LIBRERO | G40: 01662 | H40: DIRECTOR DE FÁBRICA (01662) | I40: A6653585 | K40: 000950 | L40: ANTONIO | N40: LUNA | P40: LIBRERO | T40: 58
A41: =INDEX('Orig (V1_BCK)'!$C:$C,MATCH($B41,'Orig (V1_BCK)'!$C:$C,0),1) -> A6687307--R3817235 | B41: =_xlfn.TEXTJOIN("-",FALSE,$C41,$I41,$J41) -> A6687307--R3817235 | C41: A6687307 | D41: ANTONIO | E41: MONTES | F41: SANCHEZ | G41: 02834 | H41: DIRECTOR LOGÍSTICA (02834) | J41: R3817235 | K41: 01362 | M41: RAUL GASPAR | O41: MONTAÑES | Q41: TORRENT | T41: 22
A42: =INDEX('Orig (V1_BCK)'!$C:$C,MATCH($B42,'Orig (V1_BCK)'!$C:$C,0),1) -> A7005471--J6399199 | B42: =_xlfn.TEXTJOIN("-",FALSE,$C42,$I42,$J42) -> A7005471--J6399199 | C42: A7005471 | D42: ANA MARTA | E42: SANCHEZ | F42: FERNANDEZ | G42: 01883 | H42: SIN DEFINIR (01700) | J42: J6399199 | K42: 01878 | M42: JORDI | O42: ESTELLERS | Q42: CASTELLVI | T42: 22
A43: =INDEX('Orig (V1_BCK)'!$C:$C,MATCH($B43,'Orig (V1_BCK)'!$C:$C,0),1) -> #N/A | B43: =_xlfn.TEXTJOIN("-",FALSE,$C43,$I43,$J43) -> A7121164-- | C43: A7121164 | D43: ANDRES | E43: HERRERO | F43: MENENDEZ | G43: 00614 | H43: SIN DEFINIR (01239) | K43: PEND | T43: 05
A44: =INDEX('Orig (V1_BCK)'!$C:$C,MATCH($B44,'Orig (V1_BCK)'!$C:$C,0),1) -> A7527556--A2422013 | B44: =_xlfn.TEXTJOIN("-",FALSE,$C44,$I44,$J44) -> A7527556--A2422013 | C44: A7527556 | D44: ANASTASIO | E44: MARTIN GIL | F44: ROMERO HOMBREBU | G44: 03439 | H44: SIN DEFINIR (03439) | J44: A2422013 | K44: 01180 | M44: ALVARO | O44: BARRIO | Q44: DELGADO | T44: 22
A45: =INDEX('Orig (V1_BCK)'!$C:$C,MATCH($B45,'Orig (V1_BCK)'!$C:$C,0),1) -> #N/A | B45: =_xlfn.TEXTJOIN("-",FALSE,$C45,$I45,$J45) -> A7651763-- | C45: A7651763 | D45: ARMANDO | E45: RODRIGUEZ | F45: RODRIGUEZ | G45: 00605 | H45: INGENIERO DE INVESTIGACIÓN (00605) | K45: PEND | T45: 05
A46: =INDEX('Orig (V1_BCK)'!$C:$C,MATCH($B46,'Orig (V1_BCK)'!$C:$C,0),1) -> #N/A | B46: =_xlfn.TEXTJOIN("-",FALSE,$C46,$I46,$J46) -> A7865818-- | C46: A7865818 | D46: ALEJANDRO | E46: DOMINGUEZ | F46: MARTINEZ | G46: 00346 | H46: OPERACIONES DISTRIBUCIÓN (00981) | K46: PEND | T46: 58
A47: =INDEX('Orig (V1_BCK)'!$C:$C,MATCH($B47,'Orig (V1_BCK)'!$C:$C,0),1) -> #N/A | B47: =_xlfn.TEXTJOIN("-",FALSE,$C47,$I47,$J47) -> A8073996-- | C47: A8073996 | D47: ANGEL | E47: BUENAVIDA | F47: SEVILLA | G47: 03444 | H47: JEFE VENTAS - OPERACIÓN DISTR (03444) | K47: PEND | T47: 62
A48: =INDEX('Orig (V1_BCK)'!$C:$C,MATCH($B48,'Orig (V1_BCK)'!$C:$C,0),1) -> A8353376--M3569866 | B48: =_xlfn.TEXTJOIN("-",FALSE,$C48,$I48,$J48) -> A8353376--M3569866 | C48: A8353376 | D48: AGUSTIN | E48: ESCOBAR | F48: SERRANO | G48: 00045 | H48: PRODUCCIÓN (00045) | J48: M3569866 | K48: 03546 | M48: MIRIAM | O48: SIERRA | Q48: RODRIGUEZ | T48: 58
A49: =INDEX('Orig (V1_BCK)'!$C:$C,MATCH($B49,'Orig (V1_BCK)'!$C:$C,0),1) -> A8361287--I8301604 | B49: =_xlfn.TEXTJOIN("-",FALSE,$C49,$I49,$J49) -> A8361287--I8301604 | C49: A8361287 | D49: ALEJANDRO | E49: GARCIA | F49: JIMENEZ | G49: 02901 | H49: PRODUCCIÓN (02901) | J49: I8301604 | K49: 00248 | M49: IVAN | O49: FERNANDEZ | Q49: RODRIGUEZ | T49: 58
A50: =INDEX('Orig (V1_BCK)'!$C:$C,MATCH($B50,'Orig (V1_BCK)'!$C:$C,0),1) -> #N/A | B50: =_xlfn.TEXTJOIN("-",FALSE,$C50,$I50,$J50) -> A8584658-- | C50: A8584658 | D50: AGUSTIN | E50: GARABAYA | F50: FERNANDEZ | G50: 00864 | H50: SIN DEFINIR (03505) | K50: PEND | T50: 05
A51: =INDEX('Orig (V1_BCK)'!$C:$C,MATCH($B51,'Orig (V1_BCK)'!$C:$C,0),1) -> #N/A | B51: =_xlfn.TEXTJOIN("-",FALSE,$C51,$I51,$J51) -> A9660689-- | C51: A9660689 | D51: ANTONIO | E51: GEA | F51: DE CASTRO | G51: 01131 | H51: SIN DEFINIR (00527) | K51: PEND | T51: 62
A52: =INDEX('Orig (V1_BCK)'!$C:$C,MATCH($B52,'Orig (V1_BCK)'!$C:$C,0),1) -> A9859396--J6399199 | B52: =_xlfn.TEXTJOIN("-",FALSE,$C52,$I52,$J52) -> A9859396--J6399199 | C52: A9859396 | D52: ANA ISABEL | E52: MITJAVILA | F52: ESCUDERO | G52: 02641 | H52: SIN DEFINIR (02641) | J52: J6399199 | K52: 01878 | M52: JORDI | O52: ESTELLERS | Q52: CASTELLVI | T52: 22
A53: =INDEX('Orig (V1_BCK)'!$C:$C,MATCH($B53,'Orig (V1_BCK)'!$C:$C,0),1) -> A9899465-A9899465- | B53: =_xlfn.TEXTJOIN("-",FALSE,$C53,$I53,$J53) -> A9899465-A9899465- | C53: A9899465 | D53: ALBERTO | E53: GUTIERREZ | F53: GARCIA | G53: 04231 | H53: PRODUCCIÓN (04231) | I53: A9899465 | K53: 144089 | L53: ALBERTO | N53: GUTIERREZ | P53: GARCIA | T53: 71
A54: =INDEX('Orig (V1_BCK)'!$C:$C,MATCH($B54,'Orig (V1_BCK)'!$C:$C,0),1) -> #N/A | B54: =_xlfn.TEXTJOIN("-",FALSE,$C54,$I54,$J54) -> A9983782-- | C54: A9983782 | D54: ALFONSO | E54: BONET | F54: ALONSO | G54: 01862 | H54: 01862 | K54: PEND | T54: 58
A55: =INDEX('Orig (V1_BCK)'!$C:$C,MATCH($B55,'Orig (V1_BCK)'!$C:$C,0),1) -> #N/A | B55: =_xlfn.TEXTJOIN("-",FALSE,$C55,$I55,$J55) -> B2149319-- | C55: B2149319 | D55: BEGOÑA | E55: RUIZ | F55: LABRADOR | G55: 04142 | H55: SIN DEFINIR (01700) | K55: PEND | T55: 71
A56: =INDEX('Orig (V1_BCK)'!$C:$C,MATCH($B56,'Orig (V1_BCK)'!$C:$C,0),1) -> B4736339-B4736339- | B56: =_xlfn.TEXTJOIN("-",FALSE,$C56,$I56,$J56) -> B4736339-B4736339- | C56: B4736339 | D56: BLANCA LUNA | E56: CORRAL | F56: CORDERO | G56: 03858 | H56: VENTAS (03858) | I56: B4736339 | K56: 003157 | L56: BLANCA LUNA | N56: CORRAL | P56: CORDERO | T56: 62
A57: =INDEX('Orig (V1_BCK)'!$C:$C,MATCH($B57,'Orig (V1_BCK)'!$C:$C,0),1) -> #N/A | B57: =_xlfn.TEXTJOIN("-",FALSE,$C57,$I57,$J57) -> B6674590-- | C57: B6674590 | D57: BERTA | E57: ASO | F57: ORDAS | G57: 01322 | H57: RESPONSABLE DES PRODUCTOS (01322) | K57: PEND | T57: 05
A58: =INDEX('Orig (V1_BCK)'!$C:$C,MATCH($B58,'Orig (V1_BCK)'!$C:$C,0),1) -> #N/A | B58: =_xlfn.TEXTJOIN("-",FALSE,$C58,$I58,$J58) -> B8643752-- | C58: B8643752 | D58: BENITO | E58: SOTOCA | F58: HERRANZ | G58: 03275 | H58: JEFE VENTAS - OPERACIÓN DISTR (03275) | K58: PEND | T58: 76
A59: =INDEX('Orig (V1_BCK)'!$C:$C,MATCH($B59,'Orig (V1_BCK)'!$C:$C,0),1) -> #N/A | B59: =_xlfn.TEXTJOIN("-",FALSE,$C59,$I59,$J59) -> B9324934-- | C59: B9324934 | D59: BLANCA | E59: MARTIN | F59: GONZALEZ | G59: 02795 | H59: RESPONS RECURSOS HUMANOS (02795) | K59: PEND | T59: 76
A60: =INDEX('Orig (V1_BCK)'!$C:$C,MATCH($B60,'Orig (V1_BCK)'!$C:$C,0),1) -> C0100439-C0100439- | B60: =_xlfn.TEXTJOIN("-",FALSE,$C60,$I60,$J60) -> C0100439-C0100439- | C60: C0100439 | D60: CESAR | E60: RAMOS | F60: MORAN | G60: 00599 | H60: PRODUCCIÓN (00599) | I60: C0100439 | K60: 003225 | L60: CESAR | N60: RAMOS | P60: MORAN | T60: 2G
A61: =INDEX('Orig (V1_BCK)'!$C:$C,MATCH($B61,'Orig (V1_BCK)'!$C:$C,0),1) -> #N/A | B61: =_xlfn.TEXTJOIN("-",FALSE,$C61,$I61,$J61) -> C0511812-- | C61: C0511812 | D61: CARLOS FRANCISCO | E61: CASAÑ | F61: PEIGNEUX DEGMONT | G61: 03033 | H61: PRODUCCIÓN (03033) | K61: PEND | T61: 15
A62: =INDEX('Orig (V1_BCK)'!$C:$C,MATCH($B62,'Orig (V1_BCK)'!$C:$C,0),1) -> #N/A | B62: =_xlfn.TEXTJOIN("-",FALSE,$C62,$I62,$J62) -> C0894436-- | C62: C0894436 | D62: CESAR | E62: ROMAN | F62: TABUENCA | G62: 04321 | H62: 04321 | K62: PEND | T62: 58
A63: =INDEX('Orig (V1_BCK)'!$C:$C,MATCH($B63,'Orig (V1_BCK)'!$C:$C,0),1) -> #N/A | B63: =_xlfn.TEXTJOIN("-",FALSE,$C63,$I63,$J63) -> C2308710-- | C63: C2308710 | D63: CARLOTA | E63: PELAYO | F63: FERNANDEZ | G63: 04234 | H63: WCM MANAGER (04234) | K63: PEND | T63: 71
A64: =INDEX('Orig (V1_BCK)'!$C:$C,MATCH($B64,'Orig (V1_BCK)'!$C:$C,0),1) -> #N/A | B64: =_xlfn.TEXTJOIN("-",FALSE,$C64,$I64,$J64) -> C2850297-- | C64: C2850297 | D64: CARLOS | E64: CASTILLA | F64: GARCIA | G64: 03540 | H64: 03540 | K64: PEND | T64: 58
A65: =INDEX('Orig (V1_BCK)'!$C:$C,MATCH($B65,'Orig (V1_BCK)'!$C:$C,0),1) -> #N/A | B65: =_xlfn.TEXTJOIN("-",FALSE,$C65,$I65,$J65) -> C2853872-- | C65: C2853872 | D65: CARLOS | E65: AYUSO | F65: AYUSO | G65: 00366 | H65: SIN DEFINIR (00366) | K65: PEND | T65: 05
A66: =INDEX('Orig (V1_BCK)'!$C:$C,MATCH($B66,'Orig (V1_BCK)'!$C:$C,0),1) -> #N/A | B66: =_xlfn.TEXTJOIN("-",FALSE,$C66,$I66,$J66) -> C4309475-- | C66: C4309475 | D66: CELIA | E66: MARTINEZ | F66: PEREZ | G66: 02699 | H66: JEFE VENTAS - OPERACIÓN DISTR (02699) | K66: PEND | T66: 62
A67: =INDEX('Orig (V1_BCK)'!$C:$C,MATCH($B67,'Orig (V1_BCK)'!$C:$C,0),1) -> #N/A | B67: =_xlfn.TEXTJOIN("-",FALSE,$C67,$I67,$J67) -> C5390904-- | C67: C5390904 | D67: CARLOS | E67: GARCIA | F67: MURILLO | G67: 02549 | H67: JEFE DE PROYECTO DE LOGÍSTICA (02549) | K67: PEND | T67: 2G
A68: =INDEX('Orig (V1_BCK)'!$C:$C,MATCH($B68,'Orig (V1_BCK)'!$C:$C,0),1) -> #N/A | B68: =_xlfn.TEXTJOIN("-",FALSE,$C68,$I68,$J68) -> C6453348-- | C68: C6453348 | D68: CESAR | E68: SERRANO | F68: RUANO | G68: 02754 | H68: JEFE VENTAS - OPERACIÓN DISTR (02754) | K68: PEND | T68: 62
A69: =INDEX('Orig (V1_BCK)'!$C:$C,MATCH($B69,'Orig (V1_BCK)'!$C:$C,0),1) -> #N/A | B69: =_xlfn.TEXTJOIN("-",FALSE,$C69,$I69,$J69) -> C6596260-- | C69: C6596260 | D69: CARLOS | E69: CUYAS | F69: ORTUÑO | G69: 02438 | H69: JEFE VENTAS - OPERACIÓN DISTR (02438) | K69: PEND | T69: 62
A70: =INDEX('Orig (V1_BCK)'!$C:$C,MATCH($B70,'Orig (V1_BCK)'!$C:$C,0),1) -> C7169588-C7169588- | B70: =_xlfn.TEXTJOIN("-",FALSE,$C70,$I70,$J70) -> C7169588-C7169588- | C70: C7169588 | D70: CARLOS | E70: RODRIGUEZ | F70: GARCIA | G70: 02771 | H70: JEFE VENTAS - OPERACIÓN DISTR (02771) | I70: C7169588 | K70: 003972 | L70: CARLOS | N70: RODRIGUEZ | P70: GARCIA | T70: 62
A71: =INDEX('Orig (V1_BCK)'!$C:$C,MATCH($B71,'Orig (V1_BCK)'!$C:$C,0),1) -> #N/A | B71: =_xlfn.TEXTJOIN("-",FALSE,$C71,$I71,$J71) -> C7994788-- | C71: C7994788 | D71: CARLOS FERNANDO | E71: PUIG | F71: APARICIO | G71: 03590 | H71: RESPONSABLE DE SECTOR (03590) | K71: PEND | T71: 1C
A72: =INDEX('Orig (V1_BCK)'!$C:$C,MATCH($B72,'Orig (V1_BCK)'!$C:$C,0),1) -> #N/A | B72: =_xlfn.TEXTJOIN("-",FALSE,$C72,$I72,$J72) -> C8384405-- | C72: C8384405 | D72: CARLES | E72: ROCA | F72: CLERMONT | G72: 04610 | H72: SISTEMAS DE INFORMACIÓN (04610) | K72: PEND | T72: 1J
A73: =INDEX('Orig (V1_BCK)'!$C:$C,MATCH($B73,'Orig (V1_BCK)'!$C:$C,0),1) -> C9446654--J6399199 | B73: =_xlfn.TEXTJOIN("-",FALSE,$C73,$I73,$J73) -> C9446654--J6399199 | C73: C9446654 | D73: CHRISTIAN FRANC | E73: ESCUDERO | F73: DOMENECH | G73: 02283 | H73: SIN DEFINIR (02283) | J73: J6399199 | K73: 01878 | M73: JORDI | O73: ESTELLERS | Q73: CASTELLVI | T73: 22
A74: =INDEX('Orig (V1_BCK)'!$C:$C,MATCH($B74,'Orig (V1_BCK)'!$C:$C,0),1) -> #N/A | B74: =_xlfn.TEXTJOIN("-",FALSE,$C74,$I74,$J74) -> C9544714-- | C74: C9544714 | D74: CARLOS | E74: RUIZ | F74: SALAS | G74: 04374 | H74: OPERACIONES DISTRIBUCIÓN (04403) | K74: PEND | T74: 58
A75: =INDEX('Orig (V1_BCK)'!$C:$C,MATCH($B75,'Orig (V1_BCK)'!$C:$C,0),1) -> C9612177-C9612177- | B75: =_xlfn.TEXTJOIN("-",FALSE,$C75,$I75,$J75) -> C9612177-C9612177- | C75: C9612177 | D75: CARLOS | E75: BRIS | F75: CABRERIZO | G75: 00159 | H75: RESPONSABLE MANTENIMIENTO (00159) | I75: C9612177 | K75: 002363 | L75: CARLOS | N75: BRIS | P75: CABRERIZO | T75: 2G
A76: =INDEX('Orig (V1_BCK)'!$C:$C,MATCH($B76,'Orig (V1_BCK)'!$C:$C,0),1) -> D0530111-D0530111- | B76: =_xlfn.TEXTJOIN("-",FALSE,$C76,$I76,$J76) -> D0530111-D0530111- | C76: D0530111 | D76: DAVID | E76: DE BENITO | F76: MIGUEL | G76: 00362 | H76: LOGÍSTICA (00362) | I76: D0530111 | K76: 141171 | L76: DAVID | N76: DE BENITO | P76: MIGUEL | T76: 71
A77: =INDEX('Orig (V1_BCK)'!$C:$C,MATCH($B77,'Orig (V1_BCK)'!$C:$C,0),1) -> D0601716--F6446981 | B77: =_xlfn.TEXTJOIN("-",FALSE,$C77,$I77,$J77) -> D0601716--F6446981 | C77: D0601716 | D77: DANIEL | E77: GUTIERREZ | F77: TOLEDO | G77: 04639 | H77: 04639 | J77: F6446981 | K77: 01466 | M77: FRANCISCO JOSE | O77: NAVARRO | Q77: CEBRIAN | T77: 22
A78: =INDEX('Orig (V1_BCK)'!$C:$C,MATCH($B78,'Orig (V1_BCK)'!$C:$C,0),1) -> D2301615-D2301615- | B78: =_xlfn.TEXTJOIN("-",FALSE,$C78,$I78,$J78) -> D2301615-D2301615- | C78: D2301615 | D78: DAVID | E78: GONZALEZ | F78: CALDERON | G78: 03954 | H78: PRODUCCIÓN (03954) | I78: D2301615 | K78: 004200 | L78: DAVID | N78: GONZALEZ | P78: CALDERON | T78: 58
A79: =INDEX('Orig (V1_BCK)'!$C:$C,MATCH($B79,'Orig (V1_BCK)'!$C:$C,0),1) -> D5004487--A3575764 | B79: =_xlfn.TEXTJOIN("-",FALSE,$C79,$I79,$J79) -> D5004487--A3575764 | C79: D5004487 | D79: DAVID | E79: LARROSA | F79: CANO | G79: 01562 | H79: 01562 | J79: A3575764 | K79: 03363 | M79: ANTONIO | O79: VENDRELL | Q79: VENDRELL | T79: 22
A80: =INDEX('Orig (V1_BCK)'!$C:$C,MATCH($B80,'Orig (V1_BCK)'!$C:$C,0),1) -> #N/A | B80: =_xlfn.TEXTJOIN("-",FALSE,$C80,$I80,$J80) -> D5021103-- | C80: D5021103 | D80: DAVID | E80: BLANCO | F80: GOMEZ | G80: 00628 | H80: INVESTIGACIÓN Y DESARROLLO (00628) | K80: PEND | T80: 05
A81: =INDEX('Orig (V1_BCK)'!$C:$C,MATCH($B81,'Orig (V1_BCK)'!$C:$C,0),1) -> #N/A | B81: =_xlfn.TEXTJOIN("-",FALSE,$C81,$I81,$J81) -> D5130863-- | C81: D5130863 | D81: DAVID | E81: CRUZ | F81: GONZALEZ | G81: 04302 | H81: SIN DEFINIR (00366) | K81: PEND | T81: 74
A82: =INDEX('Orig (V1_BCK)'!$C:$C,MATCH($B82,'Orig (V1_BCK)'!$C:$C,0),1) -> #N/A | B82: =_xlfn.TEXTJOIN("-",FALSE,$C82,$I82,$J82) -> D5657514-- | C82: D5657514 | D82: DAVID | E82: DE HARO | F82: GARCIA | G82: 02396 | H82: VENTAS (02283) | K82: PEND | T82: 62
A83: =INDEX('Orig (V1_BCK)'!$C:$C,MATCH($B83,'Orig (V1_BCK)'!$C:$C,0),1) -> D5989930--J5498073 | B83: =_xlfn.TEXTJOIN("-",FALSE,$C83,$I83,$J83) -> D5989930--J5498073 | C83: D5989930 | D83: DANIEL | E83: LOZANO | F83: MARTINEZ | G83: 03929 | H83: MEDIO AMBIENTE (03929) | J83: J5498073 | K83: 00478 | M83: JOSE RAMON | O83: ARGÜESO | Q83: IZQUIERDO | T83: 58
A84: =INDEX('Orig (V1_BCK)'!$C:$C,MATCH($B84,'Orig (V1_BCK)'!$C:$C,0),1) -> D6566115-D6566115- | B84: =_xlfn.TEXTJOIN("-",FALSE,$C84,$I84,$J84) -> D6566115-D6566115- | C84: D6566115 | D84: DIEGO | E84: ESTRUC | F84: ALTABAS | G84: 04330 | H84: ADMINISTRACIÓN (04330) | I84: D6566115 | K84: 137507 | L84: DIEGO | N84: ESTRUC | P84: ALTABAS | T84: 58
A85: =INDEX('Orig (V1_BCK)'!$C:$C,MATCH($B85,'Orig (V1_BCK)'!$C:$C,0),1) -> D6725163--J5549918 | B85: =_xlfn.TEXTJOIN("-",FALSE,$C85,$I85,$J85) -> D6725163--J5549918 | C85: D6725163 | D85: DAVID | E85: OLIVAR | F85: DOMINGUEZ | G85: 00550 | H85: 00935 (JEFE VENTAS - OPERACIÓN DISTR) | J85: J5549918 | K85: 00935 | M85: JAVIER | O85: MUÑIZ | Q85: MIGUELEZ | T85: 22
A86: =INDEX('Orig (V1_BCK)'!$C:$C,MATCH($B86,'Orig (V1_BCK)'!$C:$C,0),1) -> #N/A | B86: =_xlfn.TEXTJOIN("-",FALSE,$C86,$I86,$J86) -> D7436550-- | C86: D7436550 | D86: DOMINGO JAVIER | E86: MARTIN | F86: CARABALLO | G86: 02572 | H86: JEFE VENTAS - OPERACIÓN DISTR (02572) | K86: PEND | T86: 62
A87: =INDEX('Orig (V1_BCK)'!$C:$C,MATCH($B87,'Orig (V1_BCK)'!$C:$C,0),1) -> #N/A | B87: =_xlfn.TEXTJOIN("-",FALSE,$C87,$I87,$J87) -> D8050746-- | C87: D8050746 | D87: DIEGO | E87: FDEZ-NESPRAL | F87: AMADO | G87: 00611 | H87: RESP INDUSTRIALIZACIÓN (00611) | K87: PEND | T87: 15
A88: =INDEX('Orig (V1_BCK)'!$C:$C,MATCH($B88,'Orig (V1_BCK)'!$C:$C,0),1) -> D8102953--A3167958 | B88: =_xlfn.TEXTJOIN("-",FALSE,$C88,$I88,$J88) -> D8102953--A3167958 | C88: D8102953 | D88: DANIEL | E88: GALAN | F88: AGUNDEZ | G88: 01681 | H88: 01681 | J88: A3167958 | K88: 01730 | M88: ANTONIO | O88: MORAL | Q88: PEREZ | T88: 22
A89: =INDEX('Orig (V1_BCK)'!$C:$C,MATCH($B89,'Orig (V1_BCK)'!$C:$C,0),1) -> D8399181-D8399181- | B89: =_xlfn.TEXTJOIN("-",FALSE,$C89,$I89,$J89) -> D8399181-D8399181- | C89: D8399181 | D89: DAVID | E89: DEL AMO | F89: BRAVO | G89: 01299 | H89: RESPONSABLE MANTENIMIENTO (01299) | I89: D8399181 | K89: 004290 | L89: DAVID | N89: DEL AMO | P89: BRAVO | T89: 58
A90: =INDEX('Orig (V1_BCK)'!$C:$C,MATCH($B90,'Orig (V1_BCK)'!$C:$C,0),1) -> #N/A | B90: =_xlfn.TEXTJOIN("-",FALSE,$C90,$I90,$J90) -> D9233924-- | C90: D9233924 | D90: DANIEL | E90: GOMEZ | F90: . | G90: 04664 | H90: DIRECTOR DE ACTIVIDAD (04664) | K90: PEND | T90: 62
A91: =INDEX('Orig (V1_BCK)'!$C:$C,MATCH($B91,'Orig (V1_BCK)'!$C:$C,0),1) -> #N/A | B91: =_xlfn.TEXTJOIN("-",FALSE,$C91,$I91,$J91) -> D9526202-- | C91: D9526202 | D91: DAVID | E91: GARCIA | F91: ANDRES | G91: 03608 | H91: JEFE VENTAS - OPERACIÓN DISTR (03608) | K91: PEND | T91: 62
A92: =INDEX('Orig (V1_BCK)'!$C:$C,MATCH($B92,'Orig (V1_BCK)'!$C:$C,0),1) -> E0049784--I7600760 | B92: =_xlfn.TEXTJOIN("-",FALSE,$C92,$I92,$J92) -> E0049784--I7600760 | C92: E0049784 | D92: ELOI | E92: CIVIT | F92: NOGUES | G92: 02936 | H92: OPERACIONES DISTRIBUCIÓN (02936) | J92: I7600760 | K92: 02425 | M92: ISMAEL | O92: CIVIT | Q92: NOGUES | T92: 22
A93: =INDEX('Orig (V1_BCK)'!$C:$C,MATCH($B93,'Orig (V1_BCK)'!$C:$C,0),1) -> #N/A | B93: =_xlfn.TEXTJOIN("-",FALSE,$C93,$I93,$J93) -> E0523999-- | C93: E0523999 | D93: EDUARDO | E93: ESTEBAN | F93: SANZ | G93: 03629 | H93: SIN DEFINIR (03548) | K93: PEND | T93: 62
A94: =INDEX('Orig (V1_BCK)'!$C:$C,MATCH($B94,'Orig (V1_BCK)'!$C:$C,0),1) -> #N/A | B94: =_xlfn.TEXTJOIN("-",FALSE,$C94,$I94,$J94) -> E2287010-- | C94: E2287010 | D94: ENRIQUE | E94: ALCALA | F94: BERMUDEZ | G94: 04528 | H94: DIRECTOR INDUSTRIAL (04528) | K94: PEND | T94: 83
A95: =INDEX('Orig (V1_BCK)'!$C:$C,MATCH($B95,'Orig (V1_BCK)'!$C:$C,0),1) -> #N/A | B95: =_xlfn.TEXTJOIN("-",FALSE,$C95,$I95,$J95) -> E3066917-- | C95: E3066917 | D95: EDUARDO | E95: ALONSO | F95: MARTINEZ | G95: 00947 | H95: SIN DEFINIR (01700) | K95: PEND | T95: 58
A96: =INDEX('Orig (V1_BCK)'!$C:$C,MATCH($B96,'Orig (V1_BCK)'!$C:$C,0),1) -> #N/A | B96: =_xlfn.TEXTJOIN("-",FALSE,$C96,$I96,$J96) -> E3156157-- | C96: E3156157 | D96: EDUARDO WALTER | E96: MARTIN | F96: GASPARI | G96: 02562 | H96: JEFE VENTAS - OPERACIÓN DISTR (02562) | K96: PEND | T96: 62
A97: =INDEX('Orig (V1_BCK)'!$C:$C,MATCH($B97,'Orig (V1_BCK)'!$C:$C,0),1) -> E3234664--J2543295 | B97: =_xlfn.TEXTJOIN("-",FALSE,$C97,$I97,$J97) -> E3234664--J2543295 | C97: E3234664 | D97: ESTHER | E97: PRAT | F97: GIL | G97: 02673 | H97: DIRECTOR I+D (02673) | J97: J2543295 | K97: 03523 | M97: JORGE VICENTE | O97: RIUS | Q97: PUIG | T97: 83
A98: =INDEX('Orig (V1_BCK)'!$C:$C,MATCH($B98,'Orig (V1_BCK)'!$C:$C,0),1) -> #N/A | B98: =_xlfn.TEXTJOIN("-",FALSE,$C98,$I98,$J98) -> E3965521-- | C98: E3965521 | D98: EVA MARIA | E98: MARTINEZ | F98: ESLAVA | G98: 02815 | H98: RESPONS RECURSOS HUMANOS (02815) | K98: PEND | T98: 58
A99: =INDEX('Orig (V1_BCK)'!$C:$C,MATCH($B99,'Orig (V1_BCK)'!$C:$C,0),1) -> #N/A | B99: =_xlfn.TEXTJOIN("-",FALSE,$C99,$I99,$J99) -> E5042119-- | C99: E5042119 | D99: EMILIO JOSE | E99: DE LAS SIAS | F99: DE LA PIEDAD | G99: 03126 | H99: VENTAS (03126) | K99: PEND | T99: 62
A100: =INDEX('Orig (V1_BCK)'!$C:$C,MATCH($B100,'Orig (V1_BCK)'!$C:$C,0),1) -> #N/A | B100: =_xlfn.TEXTJOIN("-",FALSE,$C100,$I100,$J100) -> E5146221-- | C100: E5146221 | D100: JESUS ENRIQUE | E100: SESMA | F100: BURGALETA | G100: 01167 | H100: VENTAS (01167) | K100: PEND | T100: 1C
...

Sheet Leyendas
A1: El empleado RESPONSABLE tiene el histórico POSICIÓN CERRADO en fechas FUERA del periodo actual
A2: No se ha obtenido el SGID del empleado en CONSULTA ORIGINAL
A3: El empleado RESPONSABLE tiene histórico POSICIÓN VÁLIDO en fechas DENTRO del periodo actual
A4: El empleado RESPONSABLE tiene histórico POSICIÓN CERRADO en fechas FUERA del periodo actual
